Date,Description,Card Member,Account #,Amount
07/01/2024,UBER EATS ORDER,J RIVERA,-31009,14.01
07/01/2024,WHOLE FOODS MKT 10234,J RIVERA,-31009,34.93
07/01/2024,SHELL OIL 57442,J RIVERA,-31009,38.86
07/02/2024,TRADER JOE'S #552,J RIVERA,-31009,41.97
07/03/2024,NETFLIX.COM,J RIVERA,-31009,15.49
07/03/2024,TST* THE HOLLOW DINER,J RIVERA,-31009,14.33
07/03/2024,SHELL OIL 57442,J RIVERA,-31009,50.99
07/04/2024,SAFEWAY #1781,J RIVERA,-31009,56.48
07/05/2024,SHELL OIL 57442,J RIVERA,-31009,61.23
07/06/2024,PEETS COFFEE #117,J RIVERA,-31009,6.36
07/06/2024,STARBUCKS STORE 08812,J RIVERA,-31009,4.96
07/07/2024,SPOTIFY USA,J RIVERA,-31009,10.99
07/07/2024,TRADER JOE'S #552,J RIVERA,-31009,57.44
07/09/2024,WALGREENS #3321,J RIVERA,-31009,38.37
07/10/2024,SHELL OIL 57442,J RIVERA,-31009,53.08
07/11/2024,APPLE.COM/BILL ICLOUD,J RIVERA,-31009,2.99
07/12/2024,SWEETGREEN MISSION,J RIVERA,-31009,20.80
07/13/2024,SQ *BLUE BOTTLE COFFEE,J RIVERA,-31009,7.23
07/13/2024,AMAZON.COM*RT5GH1,J RIVERA,-31009,16.00
07/14/2024,PLANET FITNESS CLUB FEES,J RIVERA,-31009,24.99
07/14/2024,SQ *NOODLE BAR,J RIVERA,-31009,16.84
07/14/2024,AMZN MKTP US*2K4LZ91,J RIVERA,-31009,44.15
07/15/2024,UBER EATS ORDER,J RIVERA,-31009,35.11
07/15/2024,SWEETGREEN MISSION,J RIVERA,-31009,24.36
07/15/2024,PEETS COFFEE #117,J RIVERA,-31009,7.64
07/15/2024,TRADER JOE'S #552,J RIVERA,-31009,54.59
07/16/2024,TRADER JOE'S #552,J RIVERA,-31009,72.04
07/16/2024,AMZN MKTP US*2K4LZ91,J RIVERA,-31009,17.55
07/17/2024,UBER EATS ORDER,J RIVERA,-31009,12.18
07/17/2024,DOORDASH*THAI GARDEN,J RIVERA,-31009,15.42
07/17/2024,TARGET 00012345,J RIVERA,-31009,35.36
07/18/2024,SAFEWAY #1781,J RIVERA,-31009,56.59
07/19/2024,AMAZON.COM*RT5GH1,J RIVERA,-31009,41.59
07/21/2024,SAFEWAY #1781,J RIVERA,-31009,36.29
07/21/2024,UBER *TRIP HELP.UBER.COM,J RIVERA,-31009,28.55
07/22/2024,DOORDASH*THAI GARDEN,J RIVERA,-31009,15.27
07/22/2024,PEETS COFFEE #117,J RIVERA,-31009,5.86
07/23/2024,TRADER JOE'S #552,J RIVERA,-31009,56.59
07/24/2024,AMZN MKTP US*2K4LZ91,J RIVERA,-31009,45.37
07/24/2024,ETSY.COM - HANDMADE,J RIVERA,-31009,48.84
07/25/2024,UBER *TRIP HELP.UBER.COM,J RIVERA,-31009,30.42
07/26/2024,SQ *BLUE BOTTLE COFFEE,J RIVERA,-31009,4.76
07/27/2024,SQ *BLUE BOTTLE COFFEE,J RIVERA,-31009,4.90
07/28/2024,TRADER JOE'S #552,J RIVERA,-31009,37.25
07/29/2024,SAFEWAY #1781,J RIVERA,-31009,33.76
07/31/2024,TST* THE HOLLOW DINER,J RIVERA,-31009,12.19
07/31/2024,STARBUCKS STORE 08812,J RIVERA,-31009,7.84
07/31/2024,PEETS COFFEE #117,J RIVERA,-31009,6.12
07/31/2024,UBER *TRIP HELP.UBER.COM,J RIVERA,-31009,18.25
07/31/2024,AMC THEATRES 4410,J RIVERA,-31009,33.16
08/02/2024,STARBUCKS STORE 08812,J RIVERA,-31009,6.63
08/03/2024,NETFLIX.COM,J RIVERA,-31009,15.49
08/03/2024,SHELL OIL 57442,J RIVERA,-31009,55.47
08/03/2024,UBER *TRIP HELP.UBER.COM,J RIVERA,-31009,33.04
08/04/2024,SWEETGREEN MISSION,J RIVERA,-31009,25.19
08/04/2024,SQ *BLUE BOTTLE COFFEE,J RIVERA,-31009,5.93
08/04/2024,UBER *TRIP HELP.UBER.COM,J RIVERA,-31009,24.64
08/07/2024,SPOTIFY USA,J RIVERA,-31009,10.99
08/07/2024,SQ *BLUE BOTTLE COFFEE,J RIVERA,-31009,7.16
08/07/2024,UBER *TRIP HELP.UBER.COM,J RIVERA,-31009,19.97
08/10/2024,DOORDASH*THAI GARDEN,J RIVERA,-31009,15.71
08/11/2024,APPLE.COM/BILL ICLOUD,J RIVERA,-31009,2.99
08/12/2024,SAFEWAY #1781,J RIVERA,-31009,57.29
08/13/2024,UBER EATS ORDER,J RIVERA,-31009,17.12
08/13/2024,WHOLE FOODS MKT 10234,J RIVERA,-31009,56.66
08/14/2024,PLANET FITNESS CLUB FEES,J RIVERA,-31009,24.99
08/14/2024,SQ *NOODLE BAR,J RIVERA,-31009,18.47
08/14/2024,STARBUCKS STORE 08812,J RIVERA,-31009,5.20
08/15/2024,SHELL OIL 57442,J RIVERA,-31009,42.41
08/15/2024,STEAMGAMES.COM 4259522,J RIVERA,-31009,51.11
08/16/2024,SHAKE SHACK #221,J RIVERA,-31009,26.30
08/16/2024,AMAZON.COM*RT5GH1,J RIVERA,-31009,56.78
08/17/2024,STARBUCKS STORE 08812,J RIVERA,-31009,4.37
08/17/2024,STARBUCKS STORE 08812,J RIVERA,-31009,7.32
08/18/2024,SHELL OIL 57442,J RIVERA,-31009,55.38
08/19/2024,SAFEWAY #1781,J RIVERA,-31009,89.02
08/19/2024,TARGET 00012345,J RIVERA,-31009,13.33
08/19/2024,WALGREENS #3321,J RIVERA,-31009,39.69
08/20/2024,PEETS COFFEE #117,J RIVERA,-31009,5.24
08/21/2024,SHELL OIL 57442,J RIVERA,-31009,44.58
08/22/2024,TST* THE HOLLOW DINER,J RIVERA,-31009,22.01
08/24/2024,UBER *TRIP HELP.UBER.COM,J RIVERA,-31009,21.71
08/25/2024,SAFEWAY #1781,J RIVERA,-31009,63.18
08/25/2024,AUTOPAY PAYMENT - THANK YOU,J RIVERA,-31009,-1430.34
08/27/2024,CHIPOTLE 1123,J RIVERA,-31009,17.17
08/27/2024,TRADER JOE'S #552,J RIVERA,-31009,50.73
08/28/2024,STARBUCKS STORE 08812,J RIVERA,-31009,4.98
08/30/2024,SQ *NOODLE BAR,J RIVERA,-31009,17.40
08/30/2024,STARBUCKS STORE 08812,J RIVERA,-31009,5.48
08/30/2024,PEETS COFFEE #117,J RIVERA,-31009,5.99
08/30/2024,SHELL OIL 57442,J RIVERA,-31009,42.11
08/31/2024,TST* THE HOLLOW DINER,J RIVERA,-31009,11.91
08/31/2024,SHAKE SHACK #221,J RIVERA,-31009,14.67
08/31/2024,PEETS COFFEE #117,J RIVERA,-31009,7.47
08/31/2024,SAFEWAY #1781,J RIVERA,-31009,65.33
09/01/2024,CHIPOTLE 1123,J RIVERA,-31009,22.22
09/02/2024,DOORDASH*THAI GARDEN,J RIVERA,-31009,23.44
09/02/2024,PEETS COFFEE #117,J RIVERA,-31009,5.48
09/02/2024,SHELL OIL 57442,J RIVERA,-31009,60.04
09/03/2024,NETFLIX.COM,J RIVERA,-31009,15.49
09/04/2024,AMZN MKTP US*2K4LZ91,J RIVERA,-31009,10.52
09/06/2024,SQ *BLUE BOTTLE COFFEE,J RIVERA,-31009,6.60
09/06/2024,SAFEWAY #1781,J RIVERA,-31009,29.28
09/07/2024,SPOTIFY USA,J RIVERA,-31009,10.99
09/08/2024,TRADER JOE'S #552,J RIVERA,-31009,47.95
09/08/2024,ETSY.COM - HANDMADE,J RIVERA,-31009,36.88
09/09/2024,WHOLE FOODS MKT 10234,J RIVERA,-31009,46.01
09/09/2024,STEAMGAMES.COM 4259522,J RIVERA,-31009,89.08
09/10/2024,SAFEWAY #1781,J RIVERA,-31009,47.46
09/10/2024,TICKETMASTER,J RIVERA,-31009,31.75
09/11/2024,APPLE.COM/BILL ICLOUD,J RIVERA,-31009,2.99
09/11/2024,WHOLE FOODS MKT 10234,J RIVERA,-31009,37.34
09/14/2024,PLANET FITNESS CLUB FEES,J RIVERA,-31009,24.99
09/14/2024,SWEETGREEN MISSION,J RIVERA,-31009,46.21
09/14/2024,UBER *TRIP HELP.UBER.COM,J RIVERA,-31009,21.18
09/15/2024,SWEETGREEN MISSION,J RIVERA,-31009,23.06
09/15/2024,SWEETGREEN MISSION,J RIVERA,-31009,27.01
09/15/2024,UBER *TRIP HELP.UBER.COM,J RIVERA,-31009,22.76
09/17/2024,SAFEWAY #1781,J RIVERA,-31009,93.44
09/17/2024,UBER *TRIP HELP.UBER.COM,J RIVERA,-31009,20.86
09/19/2024,SQ *BLUE BOTTLE COFFEE,J RIVERA,-31009,7.22
09/20/2024,SHELL OIL 57442,J RIVERA,-31009,44.20
09/21/2024,TST* THE HOLLOW DINER,J RIVERA,-31009,16.54
09/21/2024,SWEETGREEN MISSION,J RIVERA,-31009,13.16
09/21/2024,SQ *BLUE BOTTLE COFFEE,J RIVERA,-31009,4.99
09/21/2024,UBER *TRIP HELP.UBER.COM,J RIVERA,-31009,13.95
09/22/2024,WHOLE FOODS MKT 10234,J RIVERA,-31009,87.50
09/23/2024,SQ *BLUE BOTTLE COFFEE,J RIVERA,-31009,5.39
09/24/2024,DOORDASH*THAI GARDEN,J RIVERA,-31009,17.66
09/24/2024,PEETS COFFEE #117,J RIVERA,-31009,5.04
09/24/2024,TRADER JOE'S #552,J RIVERA,-31009,37.86
09/25/2024,AUTOPAY PAYMENT - THANK YOU,J RIVERA,-31009,-1188.61
09/26/2024,COSTCO WHSE #0421,J RIVERA,-31009,26.24
09/27/2024,PEETS COFFEE #117,J RIVERA,-31009,5.97
09/28/2024,SQ *BLUE BOTTLE COFFEE,J RIVERA,-31009,6.09
09/28/2024,TRADER JOE'S #552,J RIVERA,-31009,45.08
09/29/2024,COSTCO WHSE #0421,J RIVERA,-31009,104.45
09/30/2024,SQ *NOODLE BAR,J RIVERA,-31009,10.77
09/30/2024,STARBUCKS STORE 08812,J RIVERA,-31009,6.15
09/30/2024,AMZN MKTP US*2K4LZ91,J RIVERA,-31009,175.14
10/02/2024,UBER *TRIP HELP.UBER.COM,J RIVERA,-31009,21.12
10/03/2024,NETFLIX.COM,J RIVERA,-31009,15.49
10/05/2024,SQ *BLUE BOTTLE COFFEE,J RIVERA,-31009,4.72
10/05/2024,STARBUCKS STORE 08812,J RIVERA,-31009,6.03
10/05/2024,COSTCO WHSE #0421,J RIVERA,-31009,32.12
10/06/2024,SHELL OIL 57442,J RIVERA,-31009,50.26
10/07/2024,SPOTIFY USA,J RIVERA,-31009,10.99
10/07/2024,CHIPOTLE 1123,J RIVERA,-31009,40.79
10/07/2024,AMZN MKTP US*2K4LZ91,J RIVERA,-31009,41.85
10/10/2024,DOORDASH*THAI GARDEN,J RIVERA,-31009,22.99
10/10/2024,STARBUCKS STORE 08812,J RIVERA,-31009,4.28
10/11/2024,APPLE.COM/BILL ICLOUD,J RIVERA,-31009,2.99
10/13/2024,UBER *TRIP HELP.UBER.COM,J RIVERA,-31009,28.82
10/14/2024,PLANET FITNESS CLUB FEES,J RIVERA,-31009,24.99
10/14/2024,UBER EATS ORDER,J RIVERA,-31009,32.02
10/15/2024,SQ *BLUE BOTTLE COFFEE,J RIVERA,-31009,5.52
10/16/2024,STARBUCKS STORE 08812,J RIVERA,-31009,6.60
10/17/2024,PEETS COFFEE #117,J RIVERA,-31009,6.71
10/19/2024,CHIPOTLE 1123,J RIVERA,-31009,24.62
10/20/2024,TICKETMASTER,J RIVERA,-31009,54.40
10/22/2024,TRADER JOE'S #552,J RIVERA,-31009,72.04
10/24/2024,SQ *NOODLE BAR,J RIVERA,-31009,24.68
10/24/2024,TST* THE HOLLOW DINER,J RIVERA,-31009,46.74
10/25/2024,AUTOPAY PAYMENT - THANK YOU,J RIVERA,-31009,-1436.43
10/27/2024,TST* THE HOLLOW DINER,J RIVERA,-31009,15.61
10/27/2024,SQ *BLUE BOTTLE COFFEE,J RIVERA,-31009,6.16
10/29/2024,PEETS COFFEE #117,J RIVERA,-31009,7.20
11/01/2024,UBER *TRIP HELP.UBER.COM,J RIVERA,-31009,22.38
11/02/2024,TST* THE HOLLOW DINER,J RIVERA,-31009,24.40
11/02/2024,SQ *NOODLE BAR,J RIVERA,-31009,14.01
11/02/2024,CHIPOTLE 1123,J RIVERA,-31009,27.73
11/02/2024,STARBUCKS STORE 08812,J RIVERA,-31009,5.27
11/03/2024,NETFLIX.COM,J RIVERA,-31009,15.49
11/03/2024,PEETS COFFEE #117,J RIVERA,-31009,5.35
11/03/2024,STARBUCKS STORE 08812,J RIVERA,-31009,7.22
11/04/2024,WHOLE FOODS MKT 10234,J RIVERA,-31009,40.36
11/05/2024,COSTCO WHSE #0421,J RIVERA,-31009,118.63
11/06/2024,AMC THEATRES 4410,J RIVERA,-31009,79.43
11/07/2024,SPOTIFY USA,J RIVERA,-31009,10.99
11/07/2024,TRADER JOE'S #552,J RIVERA,-31009,130.47
11/08/2024,AMAZON PRIME*MEMBERSHIP,J RIVERA,-31009,139.00
11/08/2024,UBER EATS ORDER,J RIVERA,-31009,12.13
11/08/2024,PEETS COFFEE #117,J RIVERA,-31009,5.23
11/09/2024,STARBUCKS STORE 08812,J RIVERA,-31009,5.25
11/09/2024,PEETS COFFEE #117,J RIVERA,-31009,5.63
11/09/2024,STARBUCKS STORE 08812,J RIVERA,-31009,7.33
11/09/2024,SHELL OIL 57442,J RIVERA,-31009,45.57
11/09/2024,AMC THEATRES 4410,J RIVERA,-31009,32.63
11/10/2024,SHAKE SHACK #221,J RIVERA,-31009,23.55
11/10/2024,STARBUCKS STORE 08812,J RIVERA,-31009,4.85
11/10/2024,WHOLE FOODS MKT 10234,J RIVERA,-31009,122.95
11/10/2024,SHELL OIL 57442,J RIVERA,-31009,47.75
11/11/2024,APPLE.COM/BILL ICLOUD,J RIVERA,-31009,2.99
11/11/2024,SAFEWAY #1781,J RIVERA,-31009,47.62
11/12/2024,WHOLE FOODS MKT 10234,J RIVERA,-31009,59.77
11/12/2024,TICKETMASTER,J RIVERA,-31009,67.22
11/13/2024,SHELL OIL 57442,J RIVERA,-31009,42.64
11/14/2024,PLANET FITNESS CLUB FEES,J RIVERA,-31009,24.99
11/15/2024,SQ *NOODLE BAR,J RIVERA,-31009,24.60
11/15/2024,SAFEWAY #1781,J RIVERA,-31009,61.19
11/15/2024,STEAMGAMES.COM 4259522,J RIVERA,-31009,30.31
11/15/2024,WALGREENS #3321,J RIVERA,-31009,47.10
11/16/2024,SHAKE SHACK #221,J RIVERA,-31009,19.70
11/16/2024,STARBUCKS STORE 08812,J RIVERA,-31009,5.63
11/16/2024,SQ *BLUE BOTTLE COFFEE,J RIVERA,-31009,4.87
11/16/2024,AMAZON.COM*RT5GH1,J RIVERA,-31009,48.78
11/17/2024,TST* THE HOLLOW DINER,J RIVERA,-31009,22.98
11/17/2024,UBER *TRIP HELP.UBER.COM,J RIVERA,-31009,20.58
11/17/2024,AMAZON.COM*RT5GH1,J RIVERA,-31009,17.25
11/18/2024,PEETS COFFEE #117,J RIVERA,-31009,5.19
11/18/2024,SAFEWAY #1781,J RIVERA,-31009,106.67
11/20/2024,AMAZON.COM*RT5GH1,J RIVERA,-31009,24.13
11/21/2024,UBER EATS ORDER,J RIVERA,-31009,26.51
11/22/2024,STARBUCKS STORE 08812,J RIVERA,-31009,5.11
11/22/2024,STARBUCKS STORE 08812,J RIVERA,-31009,5.92
11/22/2024,STARBUCKS STORE 08812,J RIVERA,-31009,4.48
11/22/2024,SHELL OIL 57442,J RIVERA,-31009,45.81
11/23/2024,SQ *NOODLE BAR,J RIVERA,-31009,21.67
11/24/2024,PEETS COFFEE #117,J RIVERA,-31009,5.11
11/25/2024,DOORDASH*THAI GARDEN,J RIVERA,-31009,52.27
11/25/2024,TARGET 00012345,J RIVERA,-31009,54.45
11/25/2024,AUTOPAY PAYMENT - THANK YOU,J RIVERA,-31009,-609.74
11/26/2024,COSTCO WHSE #0421,J RIVERA,-31009,42.87
11/27/2024,STARBUCKS STORE 08812,J RIVERA,-31009,6.39
11/28/2024,CHIPOTLE 1123,J RIVERA,-31009,20.75
11/28/2024,COSTCO WHSE #0421,J RIVERA,-31009,78.36
11/28/2024,TICKETMASTER,J RIVERA,-31009,34.03
11/29/2024,SWEETGREEN MISSION,J RIVERA,-31009,33.50
11/29/2024,SWEETGREEN MISSION,J RIVERA,-31009,34.86
11/29/2024,PEETS COFFEE #117,J RIVERA,-31009,5.98
11/30/2024,SQ *NOODLE BAR,J RIVERA,-31009,35.90
11/30/2024,UBER *TRIP HELP.UBER.COM,J RIVERA,-31009,29.87
12/01/2024,TARGET 00012345,J RIVERA,-31009,38.99
12/03/2024,NETFLIX.COM,J RIVERA,-31009,15.49
12/03/2024,SWEETGREEN MISSION,J RIVERA,-31009,44.94
12/03/2024,STARBUCKS STORE 08812,J RIVERA,-31009,5.97
12/03/2024,ETSY.COM - HANDMADE,J RIVERA,-31009,30.89
12/04/2024,CHIPOTLE 1123,J RIVERA,-31009,31.79
12/04/2024,TARGET 00012345,J RIVERA,-31009,37.71
12/05/2024,UBER EATS ORDER,J RIVERA,-31009,22.95
12/05/2024,AMZN MKTP US*2K4LZ91,J RIVERA,-31009,52.65
12/06/2024,SQ *NOODLE BAR,J RIVERA,-31009,17.57
12/07/2024,SPOTIFY USA,J RIVERA,-31009,10.99
12/07/2024,SQ *NOODLE BAR,J RIVERA,-31009,23.09
12/07/2024,TST* THE HOLLOW DINER,J RIVERA,-31009,18.83
12/07/2024,PEETS COFFEE #117,J RIVERA,-31009,6.20
12/07/2024,AMZN MKTP US*2K4LZ91,J RIVERA,-31009,37.91
12/08/2024,DOORDASH*THAI GARDEN,J RIVERA,-31009,21.95
12/11/2024,APPLE.COM/BILL ICLOUD,J RIVERA,-31009,2.99
12/13/2024,UBER *TRIP HELP.UBER.COM,J RIVERA,-31009,30.26
12/13/2024,TARGET 00012345,J RIVERA,-31009,24.23
12/13/2024,AMZN MKTP US*2K4LZ91,J RIVERA,-31009,66.28
12/13/2024,WALGREENS #3321,J RIVERA,-31009,39.65
12/14/2024,PLANET FITNESS CLUB FEES,J RIVERA,-31009,24.99
12/14/2024,AMZN MKTP US*2K4LZ91,J RIVERA,-31009,139.33
12/15/2024,SQ *NOODLE BAR,J RIVERA,-31009,33.25
12/15/2024,SQ *NOODLE BAR,J RIVERA,-31009,16.00
12/15/2024,TST* THE HOLLOW DINER,J RIVERA,-31009,14.89
12/15/2024,UBER *TRIP HELP.UBER.COM,J RIVERA,-31009,26.00
12/15/2024,ETSY.COM - HANDMADE,J RIVERA,-31009,24.79
12/16/2024,SQ *BLUE BOTTLE COFFEE,J RIVERA,-31009,6.94
12/16/2024,PEETS COFFEE #117,J RIVERA,-31009,6.66
12/17/2024,DOORDASH*THAI GARDEN,J RIVERA,-31009,39.76
12/17/2024,SAFEWAY #1781,J RIVERA,-31009,43.16
12/17/2024,AMAZON.COM*RT5GH1,J RIVERA,-31009,42.62
12/18/2024,SQ *BLUE BOTTLE COFFEE,J RIVERA,-31009,6.21
12/21/2024,WHOLE FOODS MKT 10234,J RIVERA,-31009,58.67
12/21/2024,TARGET 00012345,J RIVERA,-31009,81.92
12/21/2024,TARGET 00012345,J RIVERA,-31009,39.35
12/22/2024,SHAKE SHACK #221,J RIVERA,-31009,19.68
12/22/2024,WHOLE FOODS MKT 10234,J RIVERA,-31009,78.72
12/22/2024,UBER *TRIP HELP.UBER.COM,J RIVERA,-31009,33.09
12/23/2024,TRADER JOE'S #552,J RIVERA,-31009,52.46
12/23/2024,AMAZON.COM*RT5GH1,J RIVERA,-31009,126.19
12/25/2024,TST* THE HOLLOW DINER,J RIVERA,-31009,28.38
12/25/2024,AUTOPAY PAYMENT - THANK YOU,J RIVERA,-31009,-2181.65
12/26/2024,AMZN MKTP US*2K4LZ91,J RIVERA,-31009,35.31
12/27/2024,SQ *NOODLE BAR,J RIVERA,-31009,21.80
12/27/2024,CHIPOTLE 1123,J RIVERA,-31009,17.50
12/27/2024,COSTCO WHSE #0421,J RIVERA,-31009,51.17
12/28/2024,SHAKE SHACK #221,J RIVERA,-31009,39.07
12/28/2024,STARBUCKS STORE 08812,J RIVERA,-31009,5.07
12/29/2024,UBER EATS ORDER,J RIVERA,-31009,16.27
12/30/2024,UBER EATS ORDER,J RIVERA,-31009,27.69
12/30/2024,SQ *BLUE BOTTLE COFFEE,J RIVERA,-31009,5.50
12/30/2024,AMZN MKTP US*2K4LZ91,J RIVERA,-31009,27.84
12/31/2024,UBER EATS ORDER,J RIVERA,-31009,24.69
12/31/2024,COSTCO WHSE #0421,J RIVERA,-31009,35.75
12/31/2024,AMAZON.COM*RT5GH1,J RIVERA,-31009,52.99
01/01/2025,SHAKE SHACK #221,J RIVERA,-31009,16.65
01/01/2025,SQ *BLUE BOTTLE COFFEE,J RIVERA,-31009,4.54
01/01/2025,UBER *TRIP HELP.UBER.COM,J RIVERA,-31009,32.15
01/03/2025,NETFLIX.COM,J RIVERA,-31009,15.49
01/03/2025,WHOLE FOODS MKT 10234,J RIVERA,-31009,36.38
01/04/2025,CHIPOTLE 1123,J RIVERA,-31009,18.59
01/04/2025,SHAKE SHACK #221,J RIVERA,-31009,25.84
01/04/2025,SAFEWAY #1781,J RIVERA,-31009,13.41
01/05/2025,PELOTON INTERACTIVE MEMBERSHIP,J RIVERA,-31009,44.00
01/05/2025,UBER *TRIP HELP.UBER.COM,J RIVERA,-31009,27.26
01/07/2025,SPOTIFY USA,J RIVERA,-31009,10.99
01/07/2025,TST* THE HOLLOW DINER,J RIVERA,-31009,21.14
01/07/2025,PEETS COFFEE #117,J RIVERA,-31009,6.67
01/07/2025,TICKETMASTER,J RIVERA,-31009,70.37
01/10/2025,DOORDASH*THAI GARDEN,J RIVERA,-31009,42.83
01/11/2025,APPLE.COM/BILL ICLOUD,J RIVERA,-31009,2.99
01/11/2025,TST* THE HOLLOW DINER,J RIVERA,-31009,21.94
01/11/2025,TARGET 00012345,J RIVERA,-31009,14.85
01/13/2025,SWEETGREEN MISSION,J RIVERA,-31009,24.08
01/13/2025,PEETS COFFEE #117,J RIVERA,-31009,6.20
01/13/2025,WHOLE FOODS MKT 10234,J RIVERA,-31009,66.58
01/13/2025,TICKETMASTER,J RIVERA,-31009,88.27
01/14/2025,PLANET FITNESS CLUB FEES,J RIVERA,-31009,24.99
01/14/2025,PEETS COFFEE #117,J RIVERA,-31009,4.97
01/15/2025,SHAKE SHACK #221,J RIVERA,-31009,31.13
01/15/2025,DOORDASH*THAI GARDEN,J RIVERA,-31009,36.79
01/15/2025,SQ *NOODLE BAR,J RIVERA,-31009,34.73
01/15/2025,UBER EATS ORDER,J RIVERA,-31009,35.51
01/15/2025,TRADER JOE'S #552,J RIVERA,-31009,62.31
01/15/2025,AMAZON.COM*RT5GH1,J RIVERA,-31009,10.17
01/16/2025,UBER EATS ORDER,J RIVERA,-31009,25.14
01/16/2025,PEETS COFFEE #117,J RIVERA,-31009,6.45
01/16/2025,PEETS COFFEE #117,J RIVERA,-31009,7.60
01/16/2025,TRADER JOE'S #552,J RIVERA,-31009,45.76
01/17/2025,NYTIMES DIGITAL,J RIVERA,-31009,4.00
01/17/2025,SHAKE SHACK #221,J RIVERA,-31009,12.55
01/17/2025,SWEETGREEN MISSION,J RIVERA,-31009,20.01
01/17/2025,UBER EATS ORDER,J RIVERA,-31009,24.59
01/17/2025,SQ *BLUE BOTTLE COFFEE,J RIVERA,-31009,7.50
01/18/2025,COSTCO WHSE #0421,J RIVERA,-31009,87.06
01/18/2025,UBER *TRIP HELP.UBER.COM,J RIVERA,-31009,16.67
01/19/2025,SQ *NOODLE BAR,J RIVERA,-31009,17.84
01/19/2025,CHIPOTLE 1123,J RIVERA,-31009,50.70
01/20/2025,WHOLE FOODS MKT 10234,J RIVERA,-31009,68.80
01/22/2025,PEETS COFFEE #117,J RIVERA,-31009,4.64
01/25/2025,PEETS COFFEE #117,J RIVERA,-31009,5.72
01/25/2025,COSTCO WHSE #0421,J RIVERA,-31009,105.67
01/25/2025,AMAZON.COM*RT5GH1,J RIVERA,-31009,51.53
01/25/2025,AUTOPAY PAYMENT - THANK YOU,J RIVERA,-31009,-1885.04
01/26/2025,CHIPOTLE 1123,J RIVERA,-31009,21.85
01/26/2025,WALGREENS #3321,J RIVERA,-31009,17.48
01/27/2025,UBER *TRIP HELP.UBER.COM,J RIVERA,-31009,17.14
01/27/2025,AMAZON.COM*RT5GH1,J RIVERA,-31009,13.99
01/28/2025,PEETS COFFEE #117,J RIVERA,-31009,4.57
01/28/2025,SAFEWAY #1781,J RIVERA,-31009,79.88
01/29/2025,ETSY.COM - HANDMADE,J RIVERA,-31009,48.84
01/30/2025,PEETS COFFEE #117,J RIVERA,-31009,4.71
01/30/2025,SQ *BLUE BOTTLE COFFEE,J RIVERA,-31009,6.17
01/30/2025,PEETS COFFEE #117,J RIVERA,-31009,4.66
01/30/2025,TRADER JOE'S #552,J RIVERA,-31009,40.89
01/31/2025,SQ *NOODLE BAR,J RIVERA,-31009,16.97
01/31/2025,SHAKE SHACK #221,J RIVERA,-31009,14.93
02/01/2025,SQ *NOODLE BAR,J RIVERA,-31009,25.21
02/01/2025,CHIPOTLE 1123,J RIVERA,-31009,35.36
02/02/2025,TST* THE HOLLOW DINER,J RIVERA,-31009,32.09
02/02/2025,AMZN MKTP US*2K4LZ91,J RIVERA,-31009,23.21
02/03/2025,NETFLIX.COM,J RIVERA,-31009,15.49
02/03/2025,AMAZON.COM*RT5GH1,J RIVERA,-31009,17.21
02/04/2025,UBER *TRIP HELP.UBER.COM,J RIVERA,-31009,12.56
02/05/2025,PELOTON INTERACTIVE MEMBERSHIP,J RIVERA,-31009,44.00
02/05/2025,ETSY.COM - HANDMADE,J RIVERA,-31009,43.32
02/05/2025,AMZN MKTP US*2K4LZ91,J RIVERA,-31009,14.17
02/07/2025,SPOTIFY USA,J RIVERA,-31009,10.99
02/07/2025,STARBUCKS STORE 08812,J RIVERA,-31009,7.52
02/08/2025,SAFEWAY #1781,J RIVERA,-31009,41.74
02/09/2025,UBER EATS ORDER,J RIVERA,-31009,17.14
02/09/2025,DOORDASH*THAI GARDEN,J RIVERA,-31009,31.59
02/09/2025,SQ *BLUE BOTTLE COFFEE,J RIVERA,-31009,5.92
02/09/2025,STARBUCKS STORE 08812,J RIVERA,-31009,5.34
02/09/2025,PEETS COFFEE #117,J RIVERA,-31009,6.49
02/09/2025,PEETS COFFEE #117,J RIVERA,-31009,5.00
02/09/2025,SHELL OIL 57442,J RIVERA,-31009,48.18
02/09/2025,AMZN MKTP US*2K4LZ91,J RIVERA,-31009,40.33
02/10/2025,WHOLE FOODS MKT 10234,J RIVERA,-31009,32.47
02/11/2025,APPLE.COM/BILL ICLOUD,J RIVERA,-31009,2.99
02/11/2025,STARBUCKS STORE 08812,J RIVERA,-31009,5.53
02/11/2025,SAFEWAY #1781,J RIVERA,-31009,38.93
02/11/2025,SHELL OIL 57442,J RIVERA,-31009,58.72
02/13/2025,UBER EATS ORDER,J RIVERA,-31009,32.01
02/13/2025,SHELL OIL 57442,J RIVERA,-31009,57.61
02/14/2025,PLANET FITNESS CLUB FEES,J RIVERA,-31009,24.99
02/14/2025,PLANET FITNESS ANNUAL FEE,J RIVERA,-31009,49.00
02/14/2025,SAFEWAY #1781,J RIVERA,-31009,115.22
02/14/2025,TARGET 00012345,J RIVERA,-31009,19.86
02/14/2025,AMZN MKTP US*2K4LZ91,J RIVERA,-31009,8.63
02/14/2025,AMAZON.COM*RT5GH1,J RIVERA,-31009,98.68
02/15/2025,DOORDASH*THAI GARDEN,J RIVERA,-31009,45.90
02/15/2025,TST* THE HOLLOW DINER,J RIVERA,-31009,27.99
02/15/2025,SQ *BLUE BOTTLE COFFEE,J RIVERA,-31009,5.78
02/15/2025,SHELL OIL 57442,J RIVERA,-31009,38.38
02/16/2025,SHAKE SHACK #221,J RIVERA,-31009,9.57
02/16/2025,SWEETGREEN MISSION,J RIVERA,-31009,31.41
02/16/2025,SQ *BLUE BOTTLE COFFEE,J RIVERA,-31009,7.94
02/16/2025,PEETS COFFEE #117,J RIVERA,-31009,4.99
02/16/2025,STEAMGAMES.COM 4259522,J RIVERA,-31009,71.90
02/17/2025,NYTIMES DIGITAL,J RIVERA,-31009,4.00
02/17/2025,PEETS COFFEE #117,J RIVERA,-31009,4.70
02/17/2025,SQ *BLUE BOTTLE COFFEE,J RIVERA,-31009,6.21
02/17/2025,WHOLE FOODS MKT 10234,J RIVERA,-31009,42.53
02/19/2025,ETSY.COM - HANDMADE,J RIVERA,-31009,25.95
02/20/2025,ADOBE *CREATIVE CLOUD,J RIVERA,-31009,59.99
02/20/2025,PEETS COFFEE #117,J RIVERA,-31009,7.78
02/21/2025,UBER EATS ORDER,J RIVERA,-31009,14.73
02/21/2025,AMZN MKTP US*2K4LZ91,J RIVERA,-31009,36.70
02/22/2025,SQ *NOODLE BAR,J RIVERA,-31009,34.56
02/22/2025,WHOLE FOODS MKT 10234,J RIVERA,-31009,120.33
02/22/2025,UBER *TRIP HELP.UBER.COM,J RIVERA,-31009,20.13
02/23/2025,TARGET 00012345,J RIVERA,-31009,23.53
02/23/2025,GREAT CLIPS BARBER,J RIVERA,-31009,28.00
02/24/2025,AMAZON.COM*RT5GH1,J RIVERA,-31009,58.12
02/25/2025,STARBUCKS STORE 08812,J RIVERA,-31009,7.62
02/25/2025,AUTOPAY PAYMENT - THANK YOU,J RIVERA,-31009,-1706.13
02/27/2025,SQ *BLUE BOTTLE COFFEE,J RIVERA,-31009,6.04
02/27/2025,COSTCO WHSE #0421,J RIVERA,-31009,60.07
02/27/2025,GREAT CLIPS BARBER,J RIVERA,-31009,28.00
02/28/2025,AMZN MKTP US*2K4LZ91,J RIVERA,-31009,90.81
02/28/2025,GREAT CLIPS BARBER,J RIVERA,-31009,28.00
03/01/2025,CHIPOTLE 1123,J RIVERA,-31009,31.32
03/02/2025,COSTCO WHSE #0421,J RIVERA,-31009,39.57
03/03/2025,NETFLIX.COM,J RIVERA,-31009,15.49
03/04/2025,SHAKE SHACK #221,J RIVERA,-31009,22.97
03/04/2025,SAFEWAY #1781,J RIVERA,-31009,61.32
03/04/2025,AMZN MKTP US*2K4LZ91,J RIVERA,-31009,68.30
03/05/2025,PELOTON INTERACTIVE MEMBERSHIP,J RIVERA,-31009,44.00
03/05/2025,SWEETGREEN MISSION,J RIVERA,-31009,15.44
03/05/2025,COSTCO WHSE #0421,J RIVERA,-31009,48.74
03/06/2025,STARBUCKS STORE 08812,J RIVERA,-31009,4.76
03/07/2025,SPOTIFY USA,J RIVERA,-31009,10.99
03/07/2025,UBER EATS ORDER,J RIVERA,-31009,19.25
03/08/2025,SHAKE SHACK #221,J RIVERA,-31009,25.31
03/08/2025,TST* THE HOLLOW DINER,J RIVERA,-31009,30.41
03/08/2025,SQ *BLUE BOTTLE COFFEE,J RIVERA,-31009,7.09
03/08/2025,SQ *BLUE BOTTLE COFFEE,J RIVERA,-31009,4.41
03/08/2025,ETSY.COM - HANDMADE,J RIVERA,-31009,106.04
03/08/2025,GREAT CLIPS BARBER,J RIVERA,-31009,28.00
03/09/2025,WHOLE FOODS MKT 10234,J RIVERA,-31009,47.85
03/10/2025,STARBUCKS STORE 08812,J RIVERA,-31009,4.92
03/11/2025,APPLE.COM/BILL ICLOUD,J RIVERA,-31009,2.99
03/11/2025,COSTCO WHSE #0421,J RIVERA,-31009,75.32
03/12/2025,SQ *BLUE BOTTLE COFFEE,J RIVERA,-31009,7.11
03/12/2025,SQ *BLUE BOTTLE COFFEE,J RIVERA,-31009,5.97
03/12/2025,AMAZON.COM*RT5GH1,J RIVERA,-31009,41.37
03/14/2025,PLANET FITNESS CLUB FEES,J RIVERA,-31009,24.99
03/14/2025,SHAKE SHACK #221,J RIVERA,-31009,12.25
03/14/2025,COSTCO WHSE #0421,J RIVERA,-31009,75.28
03/16/2025,SAFEWAY #1781,J RIVERA,-31009,69.76
03/16/2025,UBER *TRIP HELP.UBER.COM,J RIVERA,-31009,20.68
03/17/2025,NYTIMES DIGITAL,J RIVERA,-31009,4.00
03/17/2025,COSTCO WHSE #0421,J RIVERA,-31009,48.42
03/17/2025,SHELL OIL 57442,J RIVERA,-31009,55.78
03/18/2025,TST* THE HOLLOW DINER,J RIVERA,-31009,19.47
03/19/2025,UBER EATS ORDER,J RIVERA,-31009,39.85
03/19/2025,DOORDASH*THAI GARDEN,J RIVERA,-31009,35.97
03/20/2025,ADOBE *CREATIVE CLOUD,J RIVERA,-31009,59.99
03/20/2025,PEETS COFFEE #117,J RIVERA,-31009,6.80
03/20/2025,PEETS COFFEE #117,J RIVERA,-31009,4.61
03/21/2025,STARBUCKS STORE 08812,J RIVERA,-31009,7.59
03/21/2025,AMZN MKTP US*2K4LZ91,J RIVERA,-31009,39.60
03/21/2025,TARGET 00012345,J RIVERA,-31009,36.84
03/21/2025,AMC THEATRES 4410,J RIVERA,-31009,77.80
03/22/2025,SHAKE SHACK #221,J RIVERA,-31009,35.58
03/23/2025,SWEETGREEN MISSION,J RIVERA,-31009,13.54
03/23/2025,PEETS COFFEE #117,J RIVERA,-31009,6.63
03/25/2025,DOORDASH*THAI GARDEN,J RIVERA,-31009,27.64
03/25/2025,AUTOPAY PAYMENT - THANK YOU,J RIVERA,-31009,-1979.16
03/27/2025,TRADER JOE'S #552,J RIVERA,-31009,61.00
03/28/2025,TICKETMASTER,J RIVERA,-31009,94.50
03/29/2025,STARBUCKS STORE 08812,J RIVERA,-31009,6.44
03/29/2025,COSTCO WHSE #0421,J RIVERA,-31009,34.63
03/29/2025,ETSY.COM - HANDMADE,J RIVERA,-31009,66.79
03/31/2025,SHELL OIL 57442,J RIVERA,-31009,58.79
04/01/2025,COSTCO WHSE #0421,J RIVERA,-31009,24.66
04/01/2025,SHELL OIL 57442,J RIVERA,-31009,58.67
04/01/2025,TARGET 00012345,J RIVERA,-31009,39.23
04/02/2025,SHELL OIL 57442,J RIVERA,-31009,60.54
04/02/2025,AMC THEATRES 4410,J RIVERA,-31009,45.04
04/03/2025,NETFLIX.COM,J RIVERA,-31009,15.49
04/04/2025,WHOLE FOODS MKT 10234,J RIVERA,-31009,27.87
04/05/2025,PELOTON INTERACTIVE MEMBERSHIP,J RIVERA,-31009,44.00
04/06/2025,DOORDASH*THAI GARDEN,J RIVERA,-31009,20.39
04/06/2025,SQ *BLUE BOTTLE COFFEE,J RIVERA,-31009,6.83
04/07/2025,SPOTIFY USA,J RIVERA,-31009,10.99
04/09/2025,UBER EATS ORDER,J RIVERA,-31009,17.80
04/09/2025,DOORDASH*THAI GARDEN,J RIVERA,-31009,39.37
04/10/2025,SHAKE SHACK #221,J RIVERA,-31009,26.38
04/10/2025,SQ *BLUE BOTTLE COFFEE,J RIVERA,-31009,4.76
04/11/2025,APPLE.COM/BILL ICLOUD,J RIVERA,-31009,2.99
04/11/2025,TST* THE HOLLOW DINER,J RIVERA,-31009,26.58
04/11/2025,TRADER JOE'S #552,J RIVERA,-31009,38.79
04/12/2025,UBER EATS ORDER,J RIVERA,-31009,15.64
04/12/2025,COSTCO WHSE #0421,J RIVERA,-31009,77.76
04/12/2025,UBER *TRIP HELP.UBER.COM,J RIVERA,-31009,18.61
04/13/2025,DOORDASH*THAI GARDEN,J RIVERA,-31009,23.23
04/13/2025,SHAKE SHACK #221,J RIVERA,-31009,36.19
04/14/2025,PLANET FITNESS CLUB FEES,J RIVERA,-31009,24.99
04/15/2025,PEETS COFFEE #117,J RIVERA,-31009,7.23
04/16/2025,SQ *NOODLE BAR,J RIVERA,-31009,20.46
04/16/2025,STARBUCKS STORE 08812,J RIVERA,-31009,4.68
04/17/2025,NYTIMES DIGITAL,J RIVERA,-31009,4.00
04/18/2025,TRADER JOE'S #552,J RIVERA,-31009,44.35
04/19/2025,STARBUCKS STORE 08812,J RIVERA,-31009,7.67
04/19/2025,WHOLE FOODS MKT 10234,J RIVERA,-31009,33.25
04/19/2025,AMZN MKTP US*2K4LZ91,J RIVERA,-31009,22.31
04/20/2025,ADOBE *CREATIVE CLOUD,J RIVERA,-31009,59.99
04/20/2025,SWEETGREEN MISSION,J RIVERA,-31009,46.06
04/21/2025,SWEETGREEN MISSION,J RIVERA,-31009,32.48
04/21/2025,SQ *BLUE BOTTLE COFFEE,J RIVERA,-31009,4.30
04/21/2025,PEETS COFFEE #117,J RIVERA,-31009,6.52
04/23/2025,SQ *NOODLE BAR,J RIVERA,-31009,35.14
04/24/2025,COSTCO WHSE #0421,J RIVERA,-31009,43.92
04/25/2025,SQ *BLUE BOTTLE COFFEE,J RIVERA,-31009,5.04
04/25/2025,SQ *BLUE BOTTLE COFFEE,J RIVERA,-31009,5.33
04/25/2025,AUTOPAY PAYMENT - THANK YOU,J RIVERA,-31009,-1814.16
04/26/2025,TRADER JOE'S #552,J RIVERA,-31009,23.03
04/27/2025,TST* THE HOLLOW DINER,J RIVERA,-31009,20.06
04/30/2025,COSTCO WHSE #0421,J RIVERA,-31009,97.21
05/01/2025,UBER EATS ORDER,J RIVERA,-31009,35.67
05/01/2025,SQ *BLUE BOTTLE COFFEE,J RIVERA,-31009,6.15
05/02/2025,SQ *BLUE BOTTLE COFFEE,J RIVERA,-31009,4.29
05/02/2025,STARBUCKS STORE 08812,J RIVERA,-31009,6.38
05/02/2025,COSTCO WHSE #0421,J RIVERA,-31009,48.74
05/02/2025,SHELL OIL 57442,J RIVERA,-31009,58.88
05/03/2025,NETFLIX.COM,J RIVERA,-31009,15.49
05/04/2025,SHAKE SHACK #221,J RIVERA,-31009,24.10
05/04/2025,DOORDASH*THAI GARDEN,J RIVERA,-31009,38.76
05/05/2025,PELOTON INTERACTIVE MEMBERSHIP,J RIVERA,-31009,44.00
05/05/2025,PEETS COFFEE #117,J RIVERA,-31009,5.68
05/05/2025,SHELL OIL 57442,J RIVERA,-31009,52.28
05/06/2025,DOORDASH*THAI GARDEN,J RIVERA,-31009,18.43
05/06/2025,WHOLE FOODS MKT 10234,J RIVERA,-31009,59.91
05/07/2025,SPOTIFY USA,J RIVERA,-31009,10.99
05/07/2025,UBER EATS ORDER,J RIVERA,-31009,45.84
05/11/2025,APPLE.COM/BILL ICLOUD,J RIVERA,-31009,2.99
05/11/2025,CHIPOTLE 1123,J RIVERA,-31009,35.63
05/11/2025,STARBUCKS STORE 08812,J RIVERA,-31009,5.07
05/11/2025,AMZN MKTP US*2K4LZ91,J RIVERA,-31009,42.79
05/12/2025,WHOLE FOODS MKT 10234,J RIVERA,-31009,62.69
05/14/2025,PLANET FITNESS CLUB FEES,J RIVERA,-31009,24.99
05/14/2025,SHELL OIL 57442,J RIVERA,-31009,44.15
05/16/2025,SQ *NOODLE BAR,J RIVERA,-31009,21.89
05/16/2025,SQ *NOODLE BAR,J RIVERA,-31009,24.44
05/16/2025,SHAKE SHACK #221,J RIVERA,-31009,19.45
05/16/2025,SQ *NOODLE BAR,J RIVERA,-31009,31.18
05/16/2025,SQ *BLUE BOTTLE COFFEE,J RIVERA,-31009,7.51
05/16/2025,COSTCO WHSE #0421,J RIVERA,-31009,62.03
05/16/2025,AMC THEATRES 4410,J RIVERA,-31009,61.49
05/17/2025,NYTIMES DIGITAL,J RIVERA,-31009,4.00
05/17/2025,CHIPOTLE 1123,J RIVERA,-31009,15.49
05/17/2025,STARBUCKS STORE 08812,J RIVERA,-31009,6.64
05/19/2025,STARBUCKS STORE 08812,J RIVERA,-31009,4.90
05/20/2025,ADOBE *CREATIVE CLOUD,J RIVERA,-31009,59.99
05/21/2025,SWEETGREEN MISSION,J RIVERA,-31009,23.95
05/21/2025,SAFEWAY #1781,J RIVERA,-31009,119.05
05/22/2025,TST* THE HOLLOW DINER,J RIVERA,-31009,35.49
05/22/2025,COSTCO WHSE #0421,J RIVERA,-31009,93.47
05/22/2025,UBER *TRIP HELP.UBER.COM,J RIVERA,-31009,17.47
05/23/2025,PEETS COFFEE #117,J RIVERA,-31009,6.92
05/24/2025,TRADER JOE'S #552,J RIVERA,-31009,57.69
05/24/2025,SHELL OIL 57442,J RIVERA,-31009,48.12
05/25/2025,UBER EATS ORDER,J RIVERA,-31009,17.33
05/25/2025,SHELL OIL 57442,J RIVERA,-31009,38.50
05/25/2025,AUTOPAY PAYMENT - THANK YOU,J RIVERA,-31009,-1229.83
05/26/2025,UBER *TRIP HELP.UBER.COM,J RIVERA,-31009,19.34
05/27/2025,SQ *BLUE BOTTLE COFFEE,J RIVERA,-31009,5.35
05/28/2025,STEAMGAMES.COM 4259522,J RIVERA,-31009,64.69
05/29/2025,SHAKE SHACK #221,J RIVERA,-31009,38.87
05/29/2025,PEETS COFFEE #117,J RIVERA,-31009,6.09
05/29/2025,STARBUCKS STORE 08812,J RIVERA,-31009,5.88
05/29/2025,TRADER JOE'S #552,J RIVERA,-31009,87.04
05/29/2025,UBER *TRIP HELP.UBER.COM,J RIVERA,-31009,21.91
05/29/2025,AMZN MKTP US*2K4LZ91,J RIVERA,-31009,92.01
05/30/2025,SWEETGREEN MISSION,J RIVERA,-31009,25.14
05/30/2025,TRADER JOE'S #552,J RIVERA,-31009,34.99
05/31/2025,TST* THE HOLLOW DINER,J RIVERA,-31009,39.45
05/31/2025,UBER EATS ORDER,J RIVERA,-31009,33.73
06/02/2025,SQ *BLUE BOTTLE COFFEE,J RIVERA,-31009,5.49
06/03/2025,NETFLIX.COM,J RIVERA,-31009,15.49
06/04/2025,SQ *BLUE BOTTLE COFFEE,J RIVERA,-31009,4.67
06/05/2025,PELOTON INTERACTIVE MEMBERSHIP,J RIVERA,-31009,44.00
06/05/2025,DOORDASH*THAI GARDEN,J RIVERA,-31009,33.92
06/05/2025,SQ *BLUE BOTTLE COFFEE,J RIVERA,-31009,4.57
06/05/2025,SQ *BLUE BOTTLE COFFEE,J RIVERA,-31009,5.84
06/05/2025,STARBUCKS STORE 08812,J RIVERA,-31009,5.21
06/05/2025,WALGREENS #3321,J RIVERA,-31009,47.46
06/06/2025,UBER EATS ORDER,J RIVERA,-31009,41.98
06/06/2025,SWEETGREEN MISSION,J RIVERA,-31009,19.43
06/07/2025,SPOTIFY USA,J RIVERA,-31009,11.99
06/07/2025,UBER *TRIP HELP.UBER.COM,J RIVERA,-31009,20.88
06/08/2025,STARBUCKS STORE 08812,J RIVERA,-31009,7.30
06/10/2025,SQ *NOODLE BAR,J RIVERA,-31009,29.58
06/10/2025,STARBUCKS STORE 08812,J RIVERA,-31009,6.22
06/10/2025,UBER *TRIP HELP.UBER.COM,J RIVERA,-31009,19.04
06/11/2025,APPLE.COM/BILL ICLOUD,J RIVERA,-31009,2.99
06/11/2025,UBER *TRIP HELP.UBER.COM,J RIVERA,-31009,22.04
06/12/2025,SHELL OIL 57442,J RIVERA,-31009,59.26
06/13/2025,SHAKE SHACK #221,J RIVERA,-31009,31.36
06/13/2025,TARGET 00012345,J RIVERA,-31009,22.29
06/14/2025,PLANET FITNESS CLUB FEES,J RIVERA,-31009,24.99
06/14/2025,SHAKE SHACK #221,J RIVERA,-31009,25.56
06/14/2025,SHAKE SHACK #221,J RIVERA,-31009,32.44
06/14/2025,PEETS COFFEE #117,J RIVERA,-31009,5.38
06/15/2025,SWEETGREEN MISSION,J RIVERA,-31009,13.09
06/15/2025,SQ *NOODLE BAR,J RIVERA,-31009,15.12
06/15/2025,SWEETGREEN MISSION,J RIVERA,-31009,18.37
06/15/2025,AMZN MKTP US*2K4LZ91,J RIVERA,-31009,88.18
06/17/2025,NYTIMES DIGITAL,J RIVERA,-31009,4.00
06/17/2025,SHELL OIL 57442,J RIVERA,-31009,61.53
06/18/2025,SHAKE SHACK #221,J RIVERA,-31009,30.73
06/18/2025,AMZN MKTP US*2K4LZ91,J RIVERA,-31009,65.26
06/19/2025,SHAKE SHACK #221,J RIVERA,-31009,25.23
06/19/2025,SQ *BLUE BOTTLE COFFEE,J RIVERA,-31009,5.13
06/19/2025,ETSY.COM - HANDMADE,J RIVERA,-31009,53.12
06/20/2025,ADOBE *CREATIVE CLOUD,J RIVERA,-31009,59.99
06/20/2025,TST* THE HOLLOW DINER,J RIVERA,-31009,18.24
06/20/2025,AMZN MKTP US*2K4LZ91,J RIVERA,-31009,31.61
06/20/2025,WALGREENS #3321,J RIVERA,-31009,13.00
06/21/2025,PEETS COFFEE #117,J RIVERA,-31009,5.55
06/22/2025,PEETS COFFEE #117,J RIVERA,-31009,7.84
06/23/2025,TST* THE HOLLOW DINER,J RIVERA,-31009,24.91
06/24/2025,SQ *NOODLE BAR,J RIVERA,-31009,27.53
06/24/2025,STARBUCKS STORE 08812,J RIVERA,-31009,5.70
06/24/2025,ETSY.COM - HANDMADE,J RIVERA,-31009,87.09
06/25/2025,PEETS COFFEE #117,J RIVERA,-31009,7.76
06/25/2025,PEETS COFFEE #117,J RIVERA,-31009,5.59
06/25/2025,AUTOPAY PAYMENT - THANK YOU,J RIVERA,-31009,-1945.39
06/27/2025,COSTCO WHSE #0421,J RIVERA,-31009,53.13
06/29/2025,COSTCO WHSE #0421,J RIVERA,-31009,25.30
07/01/2025,STARBUCKS STORE 08812,J RIVERA,-31009,4.77
07/01/2025,SAFEWAY #1781,J RIVERA,-31009,71.40
07/01/2025,TARGET 00012345,J RIVERA,-31009,12.54
07/01/2025,TARGET 00012345,J RIVERA,-31009,26.04
07/02/2025,PEETS COFFEE #117,J RIVERA,-31009,4.53
07/02/2025,UBER *TRIP HELP.UBER.COM,J RIVERA,-31009,23.15
07/03/2025,NETFLIX.COM,J RIVERA,-31009,15.49
07/03/2025,STARBUCKS STORE 08812,J RIVERA,-31009,6.65
07/04/2025,SAFEWAY #1781,J RIVERA,-31009,112.90
07/04/2025,STEAMGAMES.COM 4259522,J RIVERA,-31009,21.28
07/05/2025,PELOTON INTERACTIVE MEMBERSHIP,J RIVERA,-31009,44.00
07/05/2025,SQ *NOODLE BAR,J RIVERA,-31009,17.81
07/05/2025,UBER *TRIP HELP.UBER.COM,J RIVERA,-31009,29.80
07/06/2025,SHAKE SHACK #221,J RIVERA,-31009,20.90
07/07/2025,SPOTIFY USA,J RIVERA,-31009,11.99
07/07/2025,PEETS COFFEE #117,J RIVERA,-31009,7.12
07/07/2025,UBER *TRIP HELP.UBER.COM,J RIVERA,-31009,21.13
07/07/2025,AMAZON.COM*RT5GH1,J RIVERA,-31009,23.14
07/09/2025,DOORDASH*THAI GARDEN,J RIVERA,-31009,29.72
07/09/2025,COSTCO WHSE #0421,J RIVERA,-31009,102.87
07/10/2025,PEETS COFFEE #117,J RIVERA,-31009,5.27
07/10/2025,SQ *BLUE BOTTLE COFFEE,J RIVERA,-31009,7.86
07/10/2025,WHOLE FOODS MKT 10234,J RIVERA,-31009,49.78
07/11/2025,APPLE.COM/BILL ICLOUD,J RIVERA,-31009,2.99
07/11/2025,PEETS COFFEE #117,J RIVERA,-31009,5.63
07/11/2025,AMZN MKTP US*2K4LZ91,J RIVERA,-31009,10.47
07/12/2025,UBER EATS ORDER,J RIVERA,-31009,31.98
07/12/2025,TST* THE HOLLOW DINER,J RIVERA,-31009,20.47
07/13/2025,STARBUCKS STORE 08812,J RIVERA,-31009,7.85
07/13/2025,AMAZON.COM*RT5GH1,J RIVERA,-31009,27.82
07/14/2025,PLANET FITNESS CLUB FEES,J RIVERA,-31009,24.99
07/14/2025,PEETS COFFEE #117,J RIVERA,-31009,4.28
07/15/2025,SQ *BLUE BOTTLE COFFEE,J RIVERA,-31009,5.26
07/15/2025,PEETS COFFEE #117,J RIVERA,-31009,4.47
07/15/2025,AMZN MKTP US*2K4LZ91,J RIVERA,-31009,204.29
07/17/2025,NYTIMES DIGITAL,J RIVERA,-31009,25.00
07/17/2025,TST* THE HOLLOW DINER,J RIVERA,-31009,38.45
07/17/2025,SQ *NOODLE BAR,J RIVERA,-31009,19.62
07/17/2025,PEETS COFFEE #117,J RIVERA,-31009,5.14
07/17/2025,SHELL OIL 57442,J RIVERA,-31009,53.96
07/17/2025,AMZN MKTP US*2K4LZ91,J RIVERA,-31009,22.13
07/18/2025,SQ *BLUE BOTTLE COFFEE,J RIVERA,-31009,4.31
07/19/2025,UBER EATS ORDER,J RIVERA,-31009,29.03
07/19/2025,SQ *BLUE BOTTLE COFFEE,J RIVERA,-31009,5.93
07/19/2025,SQ *BLUE BOTTLE COFFEE,J RIVERA,-31009,6.26
07/19/2025,ETSY.COM - HANDMADE,J RIVERA,-31009,55.83
07/20/2025,ADOBE *CREATIVE CLOUD,J RIVERA,-31009,59.99
07/20/2025,TST* THE HOLLOW DINER,J RIVERA,-31009,20.32
07/20/2025,SQ *NOODLE BAR,J RIVERA,-31009,33.15
07/20/2025,CHIPOTLE 1123,J RIVERA,-31009,26.43
07/20/2025,COSTCO WHSE #0421,J RIVERA,-31009,29.09
07/21/2025,TRADER JOE'S #552,J RIVERA,-31009,84.81
07/22/2025,AMZN MKTP US*2K4LZ91,J RIVERA,-31009,31.30
07/23/2025,SQ *NOODLE BAR,J RIVERA,-31009,23.29
07/23/2025,SQ *BLUE BOTTLE COFFEE,J RIVERA,-31009,6.06
07/25/2025,AUTOPAY PAYMENT - THANK YOU,J RIVERA,-31009,-1302.38
07/26/2025,SWEETGREEN MISSION,J RIVERA,-31009,25.46
07/26/2025,PEETS COFFEE #117,J RIVERA,-31009,6.80
07/26/2025,SHELL OIL 57442,J RIVERA,-31009,60.13
07/26/2025,ETSY.COM - HANDMADE,J RIVERA,-31009,87.65
07/28/2025,PEETS COFFEE #117,J RIVERA,-31009,6.57
07/28/2025,STARBUCKS STORE 08812,J RIVERA,-31009,6.11
07/28/2025,SHELL OIL 57442,J RIVERA,-31009,57.77
07/28/2025,AMZN MKTP US*2K4LZ91,J RIVERA,-31009,84.11
07/29/2025,SWEETGREEN MISSION,J RIVERA,-31009,22.72
07/30/2025,TST* THE HOLLOW DINER,J RIVERA,-31009,21.22
07/31/2025,SWEETGREEN MISSION,J RIVERA,-31009,26.57
07/31/2025,UBER EATS ORDER,J RIVERA,-31009,20.46
07/31/2025,SQ *NOODLE BAR,J RIVERA,-31009,17.74
07/31/2025,SQ *BLUE BOTTLE COFFEE,J RIVERA,-31009,7.43
07/31/2025,COSTCO WHSE #0421,J RIVERA,-31009,74.02
08/02/2025,UBER *TRIP HELP.UBER.COM,J RIVERA,-31009,15.11
08/03/2025,NETFLIX.COM,J RIVERA,-31009,15.49
08/03/2025,SWEETGREEN MISSION,J RIVERA,-31009,23.65
08/03/2025,PEETS COFFEE #117,J RIVERA,-31009,5.65
08/04/2025,SHELL OIL 57442,J RIVERA,-31009,54.12
08/05/2025,PELOTON INTERACTIVE MEMBERSHIP,J RIVERA,-31009,44.00
08/05/2025,SHAKE SHACK #221,J RIVERA,-31009,45.47
08/06/2025,TST* THE HOLLOW DINER,J RIVERA,-31009,26.28
08/06/2025,PEETS COFFEE #117,J RIVERA,-31009,5.83
08/06/2025,COSTCO WHSE #0421,J RIVERA,-31009,39.53
08/07/2025,SPOTIFY USA,J RIVERA,-31009,11.99
08/07/2025,SWEETGREEN MISSION,J RIVERA,-31009,24.33
08/07/2025,TST* THE HOLLOW DINER,J RIVERA,-31009,44.05
08/08/2025,SHELL OIL 57442,J RIVERA,-31009,43.32
08/09/2025,SHELL OIL 57442,J RIVERA,-31009,57.16
08/09/2025,UBER *TRIP HELP.UBER.COM,J RIVERA,-31009,11.56
08/09/2025,ETSY.COM - HANDMADE,J RIVERA,-31009,66.37
08/10/2025,UBER EATS ORDER,J RIVERA,-31009,27.84
08/10/2025,WHOLE FOODS MKT 10234,J RIVERA,-31009,65.90
08/11/2025,APPLE.COM/BILL ICLOUD,J RIVERA,-31009,2.99
08/11/2025,DOORDASH*THAI GARDEN,J RIVERA,-31009,32.88
08/11/2025,STARBUCKS STORE 08812,J RIVERA,-31009,7.02
08/12/2025,STARBUCKS STORE 08812,J RIVERA,-31009,7.80
08/13/2025,DOORDASH*THAI GARDEN,J RIVERA,-31009,36.48
08/13/2025,UBER EATS ORDER,J RIVERA,-31009,34.41
08/13/2025,SQ *BLUE BOTTLE COFFEE,J RIVERA,-31009,5.12
08/14/2025,PLANET FITNESS CLUB FEES,J RIVERA,-31009,24.99
08/14/2025,PEETS COFFEE #117,J RIVERA,-31009,5.10
08/15/2025,TST* THE HOLLOW DINER,J RIVERA,-31009,22.45
08/15/2025,SHAKE SHACK #221,J RIVERA,-31009,17.90
08/16/2025,SHAKE SHACK #221,J RIVERA,-31009,18.35
08/16/2025,TARGET 00012345,J RIVERA,-31009,23.51
08/16/2025,TARGET 00012345,J RIVERA,-31009,39.90
08/16/2025,ETSY.COM - HANDMADE,J RIVERA,-31009,101.38
08/16/2025,ETSY.COM - HANDMADE,J RIVERA,-31009,56.38
08/17/2025,NYTIMES DIGITAL,J RIVERA,-31009,25.00
08/17/2025,SQ *NOODLE BAR,J RIVERA,-31009,20.66
08/17/2025,SWEETGREEN MISSION,J RIVERA,-31009,29.88
08/17/2025,PEETS COFFEE #117,J RIVERA,-31009,7.02
08/17/2025,ETSY.COM - HANDMADE,J RIVERA,-31009,34.82
08/17/2025,ETSY.COM - HANDMADE,J RIVERA,-31009,22.26
08/17/2025,AMC THEATRES 4410,J RIVERA,-31009,21.35
08/18/2025,CHIPOTLE 1123,J RIVERA,-31009,19.86
08/18/2025,SHAKE SHACK #221,J RIVERA,-31009,43.54
08/18/2025,SHELL OIL 57442,J RIVERA,-31009,49.23
08/19/2025,SQ *BLUE BOTTLE COFFEE,J RIVERA,-31009,6.73
08/19/2025,SQ *BLUE BOTTLE COFFEE,J RIVERA,-31009,6.39
08/20/2025,ADOBE *CREATIVE CLOUD,J RIVERA,-31009,59.99
08/22/2025,STARBUCKS STORE 08812,J RIVERA,-31009,4.29
08/22/2025,SQ *BLUE BOTTLE COFFEE,J RIVERA,-31009,5.15
08/22/2025,TARGET 00012345,J RIVERA,-31009,19.02
08/23/2025,SQ *NOODLE BAR,J RIVERA,-31009,51.52
08/23/2025,SQ *NOODLE BAR,J RIVERA,-31009,18.55
08/23/2025,CHIPOTLE 1123,J RIVERA,-31009,29.79
08/23/2025,STARBUCKS STORE 08812,J RIVERA,-31009,7.59
08/23/2025,WHOLE FOODS MKT 10234,J RIVERA,-31009,94.65
08/23/2025,UBER *TRIP HELP.UBER.COM,J RIVERA,-31009,14.53
08/24/2025,DOORDASH*THAI GARDEN,J RIVERA,-31009,32.38
08/25/2025,AUTOPAY PAYMENT - THANK YOU,J RIVERA,-31009,-2125.50
08/26/2025,PEETS COFFEE #117,J RIVERA,-31009,7.79
08/26/2025,PEETS COFFEE #117,J RIVERA,-31009,4.86
08/26/2025,SHELL OIL 57442,J RIVERA,-31009,53.94
08/26/2025,UBER *TRIP HELP.UBER.COM,J RIVERA,-31009,26.36
08/27/2025,SQ *NOODLE BAR,J RIVERA,-31009,21.96
08/28/2025,TRADER JOE'S #552,J RIVERA,-31009,52.36
08/28/2025,UBER *TRIP HELP.UBER.COM,J RIVERA,-31009,24.18
08/29/2025,UBER EATS ORDER,J RIVERA,-31009,45.88
08/29/2025,SWEETGREEN MISSION,J RIVERA,-31009,30.34
08/29/2025,UBER EATS ORDER,J RIVERA,-31009,21.61
08/30/2025,UBER *TRIP HELP.UBER.COM,J RIVERA,-31009,13.24
08/30/2025,AMC THEATRES 4410,J RIVERA,-31009,25.97
08/31/2025,UBER EATS ORDER,J RIVERA,-31009,37.07
08/31/2025,CHIPOTLE 1123,J RIVERA,-31009,17.69
08/31/2025,TST* THE HOLLOW DINER,J RIVERA,-31009,14.36
08/31/2025,DOORDASH*THAI GARDEN,J RIVERA,-31009,51.65
08/31/2025,STARBUCKS STORE 08812,J RIVERA,-31009,6.65
08/31/2025,PEETS COFFEE #117,J RIVERA,-31009,5.28
08/31/2025,AMAZON.COM*RT5GH1,J RIVERA,-31009,37.97
08/31/2025,AMZN MKTP US*2K4LZ91,J RIVERA,-31009,61.93
08/31/2025,TICKETMASTER,J RIVERA,-31009,39.49
09/03/2025,NETFLIX.COM,J RIVERA,-31009,15.49
09/03/2025,WHOLE FOODS MKT 10234,J RIVERA,-31009,62.20
09/03/2025,GREAT CLIPS BARBER,J RIVERA,-31009,28.00
09/05/2025,PELOTON INTERACTIVE MEMBERSHIP,J RIVERA,-31009,44.00
09/05/2025,STARBUCKS STORE 08812,J RIVERA,-31009,5.14
09/05/2025,PEETS COFFEE #117,J RIVERA,-31009,5.39
09/05/2025,GREAT CLIPS BARBER,J RIVERA,-31009,28.00
09/06/2025,SQ *NOODLE BAR,J RIVERA,-31009,33.08
09/06/2025,TRADER JOE'S #552,J RIVERA,-31009,51.27
09/07/2025,SPOTIFY USA,J RIVERA,-31009,11.99
09/07/2025,SHAKE SHACK #221,J RIVERA,-31009,35.91
09/07/2025,SHELL OIL 57442,J RIVERA,-31009,48.23
09/08/2025,STARBUCKS STORE 08812,J RIVERA,-31009,4.97
09/09/2025,CHIPOTLE 1123,J RIVERA,-31009,36.66
09/09/2025,GREAT CLIPS BARBER,J RIVERA,-31009,28.00
09/10/2025,SQ *BLUE BOTTLE COFFEE,J RIVERA,-31009,6.73
09/11/2025,APPLE.COM/BILL ICLOUD,J RIVERA,-31009,2.99
09/11/2025,PEETS COFFEE #117,J RIVERA,-31009,5.91
09/11/2025,PEETS COFFEE #117,J RIVERA,-31009,5.95
09/11/2025,SQ *BLUE BOTTLE COFFEE,J RIVERA,-31009,5.07
09/12/2025,STARBUCKS STORE 08812,J RIVERA,-31009,4.47
09/12/2025,SQ *BLUE BOTTLE COFFEE,J RIVERA,-31009,4.71
09/13/2025,STARBUCKS STORE 08812,J RIVERA,-31009,4.80
09/13/2025,ETSY.COM - HANDMADE,J RIVERA,-31009,27.11
09/14/2025,PLANET FITNESS CLUB FEES,J RIVERA,-31009,24.99
09/14/2025,SAFEWAY #1781,J RIVERA,-31009,55.24
09/15/2025,CHIPOTLE 1123,J RIVERA,-31009,16.16
09/15/2025,PEETS COFFEE #117,J RIVERA,-31009,7.66
09/15/2025,SHELL OIL 57442,J RIVERA,-31009,46.31
09/16/2025,AMZN MKTP US*2K4LZ91,J RIVERA,-31009,41.03
09/17/2025,NYTIMES DIGITAL,J RIVERA,-31009,25.00
09/17/2025,SQ *BLUE BOTTLE COFFEE,J RIVERA,-31009,4.98
09/18/2025,TST* THE HOLLOW DINER,J RIVERA,-31009,34.31
09/18/2025,SQ *BLUE BOTTLE COFFEE,J RIVERA,-31009,6.65
09/18/2025,TRADER JOE'S #552,J RIVERA,-31009,60.94
09/19/2025,COSTCO WHSE #0421,J RIVERA,-31009,58.36
09/20/2025,ADOBE *CREATIVE CLOUD,J RIVERA,-31009,59.99
09/20/2025,SQ *BLUE BOTTLE COFFEE,J RIVERA,-31009,4.91
09/22/2025,UBER EATS ORDER,J RIVERA,-31009,24.05
09/22/2025,WALGREENS #3321,J RIVERA,-31009,18.08
09/24/2025,SQ *NOODLE BAR,J RIVERA,-31009,35.94
09/24/2025,TICKETMASTER,J RIVERA,-31009,22.81
09/25/2025,AMZN MKTP US*2K4LZ91,J RIVERA,-31009,59.01
09/25/2025,AUTOPAY PAYMENT - THANK YOU,J RIVERA,-31009,-2289.09
09/26/2025,SWEETGREEN MISSION,J RIVERA,-31009,39.10
09/26/2025,COSTCO WHSE #0421,J RIVERA,-31009,87.29
09/26/2025,SHELL OIL 57442,J RIVERA,-31009,42.77
09/27/2025,SWEETGREEN MISSION,J RIVERA,-31009,32.87
09/28/2025,SHAKE SHACK #221,J RIVERA,-31009,32.31
09/28/2025,SHAKE SHACK #221,J RIVERA,-31009,23.33
09/28/2025,STARBUCKS STORE 08812,J RIVERA,-31009,5.57
09/28/2025,ETSY.COM - HANDMADE,J RIVERA,-31009,17.24
09/28/2025,GREAT CLIPS BARBER,J RIVERA,-31009,28.00
09/29/2025,SHAKE SHACK #221,J RIVERA,-31009,25.26
09/29/2025,SQ *BLUE BOTTLE COFFEE,J RIVERA,-31009,5.85
09/29/2025,AMAZON.COM*RT5GH1,J RIVERA,-31009,39.93
09/30/2025,SWEETGREEN MISSION,J RIVERA,-31009,40.91
09/30/2025,SAFEWAY #1781,J RIVERA,-31009,48.27
09/30/2025,ETSY.COM - HANDMADE,J RIVERA,-31009,38.54
10/01/2025,TST* THE HOLLOW DINER,J RIVERA,-31009,23.10
10/01/2025,PEETS COFFEE #117,J RIVERA,-31009,5.79
10/02/2025,SQ *BLUE BOTTLE COFFEE,J RIVERA,-31009,6.15
10/03/2025,NETFLIX.COM,J RIVERA,-31009,17.99
10/03/2025,TRADER JOE'S #552,J RIVERA,-31009,53.14
10/03/2025,AMAZON.COM*RT5GH1,J RIVERA,-31009,4.85
10/04/2025,CHIPOTLE 1123,J RIVERA,-31009,34.54
10/04/2025,PEETS COFFEE #117,J RIVERA,-31009,7.73
10/04/2025,SQ *BLUE BOTTLE COFFEE,J RIVERA,-31009,5.89
10/04/2025,AMZN MKTP US*2K4LZ91,J RIVERA,-31009,108.36
10/05/2025,PELOTON INTERACTIVE MEMBERSHIP,J RIVERA,-31009,44.00
10/05/2025,AMAZON.COM*RT5GH1,J RIVERA,-31009,129.67
10/06/2025,TST* THE HOLLOW DINER,J RIVERA,-31009,28.90
10/06/2025,SQ *BLUE BOTTLE COFFEE,J RIVERA,-31009,6.66
10/07/2025,SPOTIFY USA,J RIVERA,-31009,11.99
10/07/2025,DOORDASH*THAI GARDEN,J RIVERA,-31009,28.59
10/07/2025,SQ *NOODLE BAR,J RIVERA,-31009,41.12
10/07/2025,UBER EATS ORDER,J RIVERA,-31009,30.13
10/07/2025,PEETS COFFEE #117,J RIVERA,-31009,6.40
10/08/2025,WHOLE FOODS MKT 10234,J RIVERA,-31009,63.09
10/10/2025,WHOLE FOODS MKT 10234,J RIVERA,-31009,49.41
10/11/2025,APPLE.COM/BILL ICLOUD,J RIVERA,-31009,2.99
10/11/2025,SWEETGREEN MISSION,J RIVERA,-31009,16.09
10/11/2025,AMZN MKTP US*2K4LZ91,J RIVERA,-31009,31.88
10/11/2025,GREAT CLIPS BARBER,J RIVERA,-31009,28.00
10/12/2025,CHIPOTLE 1123,J RIVERA,-31009,38.80
10/12/2025,SHAKE SHACK #221,J RIVERA,-31009,29.70
10/12/2025,DOORDASH*THAI GARDEN,J RIVERA,-31009,42.92
10/12/2025,WHOLE FOODS MKT 10234,J RIVERA,-31009,131.88
10/13/2025,PEETS COFFEE #117,J RIVERA,-31009,5.11
10/14/2025,PLANET FITNESS CLUB FEES,J RIVERA,-31009,24.99
10/14/2025,TST* THE HOLLOW DINER,J RIVERA,-31009,43.24
10/14/2025,SHAKE SHACK #221,J RIVERA,-31009,33.50
10/14/2025,COSTCO WHSE #0421,J RIVERA,-31009,33.11
10/15/2025,UBER EATS ORDER,J RIVERA,-31009,25.06
10/15/2025,UBER EATS ORDER,J RIVERA,-31009,41.16
10/15/2025,SHELL OIL 57442,J RIVERA,-31009,53.17
10/15/2025,ETSY.COM - HANDMADE,J RIVERA,-31009,33.40
10/16/2025,PEETS COFFEE #117,J RIVERA,-31009,5.01
10/16/2025,SQ *BLUE BOTTLE COFFEE,J RIVERA,-31009,7.41
10/17/2025,NYTIMES DIGITAL,J RIVERA,-31009,25.00
10/17/2025,TST* THE HOLLOW DINER,J RIVERA,-31009,11.95
10/17/2025,CHIPOTLE 1123,J RIVERA,-31009,26.83
10/17/2025,SQ *BLUE BOTTLE COFFEE,J RIVERA,-31009,4.55
10/17/2025,WHOLE FOODS MKT 10234,J RIVERA,-31009,50.05
10/17/2025,ETSY.COM - HANDMADE,J RIVERA,-31009,154.17
10/17/2025,AMC THEATRES 4410,J RIVERA,-31009,47.55
10/18/2025,SQ *NOODLE BAR,J RIVERA,-31009,20.51
10/18/2025,SWEETGREEN MISSION,J RIVERA,-31009,31.78
10/20/2025,ADOBE *CREATIVE CLOUD,J RIVERA,-31009,59.99
10/20/2025,TRADER JOE'S #552,J RIVERA,-31009,27.07
10/21/2025,COSTCO WHSE #0421,J RIVERA,-31009,37.32
10/23/2025,SHELL OIL 57442,J RIVERA,-31009,44.63
10/24/2025,STARBUCKS STORE 08812,J RIVERA,-31009,7.11
10/25/2025,SHAKE SHACK #221,J RIVERA,-31009,25.46
10/25/2025,SHAKE SHACK #221,J RIVERA,-31009,28.60
10/25/2025,PEETS COFFEE #117,J RIVERA,-31009,7.14
10/25/2025,UBER *TRIP HELP.UBER.COM,J RIVERA,-31009,30.26
10/25/2025,WALGREENS #3321,J RIVERA,-31009,39.20
10/25/2025,AUTOPAY PAYMENT - THANK YOU,J RIVERA,-31009,-1619.73
10/26/2025,PEETS COFFEE #117,J RIVERA,-31009,7.49
10/27/2025,CHIPOTLE 1123,J RIVERA,-31009,32.99
10/28/2025,SHAKE SHACK #221,J RIVERA,-31009,30.54
10/28/2025,STARBUCKS STORE 08812,J RIVERA,-31009,5.42
10/29/2025,TST* THE HOLLOW DINER,J RIVERA,-31009,32.28
10/29/2025,TARGET 00012345,J RIVERA,-31009,70.69
10/31/2025,SHAKE SHACK #221,J RIVERA,-31009,35.00
10/31/2025,STARBUCKS STORE 08812,J RIVERA,-31009,7.44
10/31/2025,SHELL OIL 57442,J RIVERA,-31009,59.92
11/01/2025,CHIPOTLE 1123,J RIVERA,-31009,15.15
11/01/2025,CHIPOTLE 1123,J RIVERA,-31009,32.98
11/01/2025,WHOLE FOODS MKT 10234,J RIVERA,-31009,77.91
11/02/2025,SQ *NOODLE BAR,J RIVERA,-31009,22.15
11/02/2025,SQ *BLUE BOTTLE COFFEE,J RIVERA,-31009,4.92
11/02/2025,UBER *TRIP HELP.UBER.COM,J RIVERA,-31009,11.89
11/03/2025,NETFLIX.COM,J RIVERA,-31009,17.99
11/03/2025,PEETS COFFEE #117,J RIVERA,-31009,6.84
11/03/2025,PEETS COFFEE #117,J RIVERA,-31009,4.79
11/03/2025,SHELL OIL 57442,J RIVERA,-31009,47.78
11/04/2025,SQ *BLUE BOTTLE COFFEE,J RIVERA,-31009,5.95
11/04/2025,STEAMGAMES.COM 4259522,J RIVERA,-31009,72.24
11/05/2025,PELOTON INTERACTIVE MEMBERSHIP,J RIVERA,-31009,44.00
11/05/2025,PEETS COFFEE #117,J RIVERA,-31009,5.06
11/05/2025,WHOLE FOODS MKT 10234,J RIVERA,-31009,46.05
11/05/2025,AMAZON.COM*RT5GH1,J RIVERA,-31009,36.81
11/07/2025,SPOTIFY USA,J RIVERA,-31009,11.99
11/08/2025,AMAZON PRIME*MEMBERSHIP,J RIVERA,-31009,139.00
11/08/2025,SQ *BLUE BOTTLE COFFEE,J RIVERA,-31009,6.94
11/08/2025,AMZN MKTP US*2K4LZ91,J RIVERA,-31009,62.38
11/09/2025,SHAKE SHACK #221,J RIVERA,-31009,18.83
11/09/2025,STARBUCKS STORE 08812,J RIVERA,-31009,6.33
11/10/2025,CHIPOTLE 1123,J RIVERA,-31009,40.61
11/10/2025,SHAKE SHACK #221,J RIVERA,-31009,21.26
11/10/2025,SHAKE SHACK #221,J RIVERA,-31009,31.27
11/10/2025,STARBUCKS STORE 08812,J RIVERA,-31009,7.84
11/10/2025,STARBUCKS STORE 08812,J RIVERA,-31009,7.66
11/11/2025,APPLE.COM/BILL ICLOUD,J RIVERA,-31009,2.99
11/11/2025,SQ *NOODLE BAR,J RIVERA,-31009,22.52
11/11/2025,UBER *TRIP HELP.UBER.COM,J RIVERA,-31009,19.65
11/12/2025,PEETS COFFEE #117,J RIVERA,-31009,7.84
11/14/2025,PLANET FITNESS CLUB FEES,J RIVERA,-31009,24.99
11/14/2025,TST* THE HOLLOW DINER,J RIVERA,-31009,25.04
11/14/2025,UBER EATS ORDER,J RIVERA,-31009,23.94
11/15/2025,UBER EATS ORDER,J RIVERA,-31009,41.02
11/15/2025,SQ *NOODLE BAR,J RIVERA,-31009,44.48
11/15/2025,DOORDASH*THAI GARDEN,J RIVERA,-31009,40.64
11/15/2025,UBER EATS ORDER,J RIVERA,-31009,36.17
11/15/2025,PEETS COFFEE #117,J RIVERA,-31009,7.75
11/16/2025,UBER EATS ORDER,J RIVERA,-31009,27.12
11/16/2025,SWEETGREEN MISSION,J RIVERA,-31009,31.27
11/16/2025,TST* THE HOLLOW DINER,J RIVERA,-31009,52.10
11/16/2025,STARBUCKS STORE 08812,J RIVERA,-31009,7.73
11/16/2025,WHOLE FOODS MKT 10234,J RIVERA,-31009,33.07
11/16/2025,SHELL OIL 57442,J RIVERA,-31009,56.69
11/17/2025,NYTIMES DIGITAL,J RIVERA,-31009,25.00
11/17/2025,TST* THE HOLLOW DINER,J RIVERA,-31009,21.42
11/17/2025,STARBUCKS STORE 08812,J RIVERA,-31009,6.08
11/17/2025,SQ *BLUE BOTTLE COFFEE,J RIVERA,-31009,7.36
11/17/2025,WHOLE FOODS MKT 10234,J RIVERA,-31009,76.41
11/18/2025,CHIPOTLE 1123,J RIVERA,-31009,23.27
11/18/2025,SQ *BLUE BOTTLE COFFEE,J RIVERA,-31009,7.15
11/18/2025,AMAZON.COM*RT5GH1,J RIVERA,-31009,35.10
11/19/2025,PEETS COFFEE #117,J RIVERA,-31009,6.06
11/19/2025,UBER *TRIP HELP.UBER.COM,J RIVERA,-31009,23.09
11/20/2025,ADOBE *CREATIVE CLOUD,J RIVERA,-31009,59.99
11/20/2025,STARBUCKS STORE 08812,J RIVERA,-31009,7.60
11/20/2025,SQ *BLUE BOTTLE COFFEE,J RIVERA,-31009,6.66
11/21/2025,PEETS COFFEE #117,J RIVERA,-31009,4.45
11/22/2025,STARBUCKS STORE 08812,J RIVERA,-31009,6.73
11/22/2025,PEETS COFFEE #117,J RIVERA,-31009,5.31
11/22/2025,SHELL OIL 57442,J RIVERA,-31009,39.15
11/22/2025,AMAZON.COM*RT5GH1,J RIVERA,-31009,197.25
11/23/2025,UBER EATS ORDER,J RIVERA,-31009,23.26
11/23/2025,AMZN MKTP US*2K4LZ91,J RIVERA,-31009,61.78
11/23/2025,ETSY.COM - HANDMADE,J RIVERA,-31009,58.83
11/24/2025,WHOLE FOODS MKT 10234,J RIVERA,-31009,50.62
11/25/2025,SQ *BLUE BOTTLE COFFEE,J RIVERA,-31009,6.70
11/25/2025,WHOLE FOODS MKT 10234,J RIVERA,-31009,45.29
11/25/2025,AUTOPAY PAYMENT - THANK YOU,J RIVERA,-31009,-2295.86
11/26/2025,STARBUCKS STORE 08812,J RIVERA,-31009,7.13
11/27/2025,PEETS COFFEE #117,J RIVERA,-31009,6.52
11/28/2025,SHAKE SHACK #221,J RIVERA,-31009,33.05
11/28/2025,SHAKE SHACK #221,J RIVERA,-31009,23.36
11/28/2025,SQ *BLUE BOTTLE COFFEE,J RIVERA,-31009,6.32
11/28/2025,AMAZON.COM*RT5GH1,J RIVERA,-31009,18.50
11/29/2025,SQ *NOODLE BAR,J RIVERA,-31009,22.85
11/29/2025,SQ *NOODLE BAR,J RIVERA,-31009,38.10
11/29/2025,AMZN MKTP US*2K4LZ91,J RIVERA,-31009,585.16
11/29/2025,AMAZON.COM*RT5GH1,J RIVERA,-31009,52.97
11/30/2025,CHIPOTLE 1123,J RIVERA,-31009,30.15
11/30/2025,STARBUCKS STORE 08812,J RIVERA,-31009,4.67
11/30/2025,TRADER JOE'S #552,J RIVERA,-31009,40.11
11/30/2025,SHELL OIL 57442,J RIVERA,-31009,59.30
11/30/2025,UBER *TRIP HELP.UBER.COM,J RIVERA,-31009,21.04
11/30/2025,AMAZON.COM*RT5GH1,J RIVERA,-31009,52.02
11/30/2025,AMZN MKTP US*2K4LZ91,J RIVERA,-31009,50.16
11/30/2025,AMZN MKTP US*2K4LZ91,J RIVERA,-31009,26.29
12/01/2025,STARBUCKS STORE 08812,J RIVERA,-31009,4.43
12/01/2025,STARBUCKS STORE 08812,J RIVERA,-31009,6.14
12/01/2025,AMZN MKTP US*2K4LZ91,J RIVERA,-31009,45.05
12/02/2025,STARBUCKS STORE 08812,J RIVERA,-31009,4.88
12/02/2025,SAFEWAY #1781,J RIVERA,-31009,51.04
12/03/2025,NETFLIX.COM,J RIVERA,-31009,17.99
12/03/2025,STARBUCKS STORE 08812,J RIVERA,-31009,6.19
12/03/2025,SAFEWAY #1781,J RIVERA,-31009,45.40
12/03/2025,SHELL OIL 57442,J RIVERA,-31009,47.87
12/05/2025,PELOTON INTERACTIVE MEMBERSHIP,J RIVERA,-31009,44.00
12/05/2025,COSTCO WHSE #0421,J RIVERA,-31009,48.55
12/05/2025,ETSY.COM - HANDMADE,J RIVERA,-31009,19.67
12/06/2025,SQ *NOODLE BAR,J RIVERA,-31009,30.76
12/06/2025,PEETS COFFEE #117,J RIVERA,-31009,6.31
12/07/2025,SPOTIFY USA,J RIVERA,-31009,11.99
12/07/2025,WHOLE FOODS MKT 10234,J RIVERA,-31009,75.56
12/07/2025,SHELL OIL 57442,J RIVERA,-31009,44.09
12/08/2025,SQ *BLUE BOTTLE COFFEE,J RIVERA,-31009,4.27
12/09/2025,TST* THE HOLLOW DINER,J RIVERA,-31009,25.62
12/09/2025,AMZN MKTP US*2K4LZ91,J RIVERA,-31009,64.67
12/10/2025,TST* THE HOLLOW DINER,J RIVERA,-31009,19.74
12/10/2025,SQ *BLUE BOTTLE COFFEE,J RIVERA,-31009,6.35
12/10/2025,WHOLE FOODS MKT 10234,J RIVERA,-31009,66.82
12/10/2025,AMAZON.COM*RT5GH1,J RIVERA,-31009,34.14
12/11/2025,APPLE.COM/BILL ICLOUD,J RIVERA,-31009,2.99
12/12/2025,PEETS COFFEE #117,J RIVERA,-31009,5.29
12/12/2025,TRADER JOE'S #552,J RIVERA,-31009,88.08
12/13/2025,SQ *BLUE BOTTLE COFFEE,J RIVERA,-31009,5.61
12/13/2025,STARBUCKS STORE 08812,J RIVERA,-31009,7.13
12/13/2025,UBER *TRIP HELP.UBER.COM,J RIVERA,-31009,18.03
12/14/2025,PLANET FITNESS CLUB FEES,J RIVERA,-31009,24.99
12/14/2025,DOORDASH*THAI GARDEN,J RIVERA,-31009,23.98
12/14/2025,COSTCO WHSE #0421,J RIVERA,-31009,45.50
12/14/2025,ETSY.COM - HANDMADE,J RIVERA,-31009,124.50
12/14/2025,TARGET 00012345,J RIVERA,-31009,60.22
12/16/2025,PEETS COFFEE #117,J RIVERA,-31009,7.80
12/16/2025,SHELL OIL 57442,J RIVERA,-31009,61.61
12/16/2025,AMAZON.COM*RT5GH1,J RIVERA,-31009,17.21
12/16/2025,ETSY.COM - HANDMADE,J RIVERA,-31009,33.11
12/16/2025,AMAZON.COM*RT5GH1,J RIVERA,-31009,53.31
12/17/2025,NYTIMES DIGITAL,J RIVERA,-31009,25.00
12/17/2025,TARGET 00012345,J RIVERA,-31009,36.40
12/17/2025,AMAZON.COM*RT5GH1,J RIVERA,-31009,125.34
12/18/2025,SHAKE SHACK #221,J RIVERA,-31009,23.44
12/18/2025,TARGET 00012345,J RIVERA,-31009,51.06
12/19/2025,SQ *BLUE BOTTLE COFFEE,J RIVERA,-31009,6.01
12/19/2025,STARBUCKS STORE 08812,J RIVERA,-31009,7.24
12/19/2025,SQ *BLUE BOTTLE COFFEE,J RIVERA,-31009,7.77
12/19/2025,ETSY.COM - HANDMADE,J RIVERA,-31009,16.53
12/19/2025,AMZN MKTP US*2K4LZ91,J RIVERA,-31009,28.08
12/19/2025,DELTA AIR LINES 0062,J RIVERA,-31009,486.20
12/20/2025,ADOBE *CREATIVE CLOUD,J RIVERA,-31009,59.99
12/20/2025,UBER EATS ORDER,J RIVERA,-31009,31.02
12/20/2025,STARBUCKS STORE 08812,J RIVERA,-31009,4.65
12/20/2025,PEETS COFFEE #117,J RIVERA,-31009,5.54
12/21/2025,SHAKE SHACK #221,J RIVERA,-31009,11.64
12/21/2025,STARBUCKS STORE 08812,J RIVERA,-31009,5.05
12/21/2025,HOTEL CASA DEL MAR LISBOA,J RIVERA,-31009,612.00
12/21/2025,FOREIGN TRANSACTION FEE,J RIVERA,-31009,18.36
12/23/2025,COSTCO WHSE #0421,J RIVERA,-31009,38.84
12/23/2025,TST* TABERNA LISBOA,J RIVERA,-31009,88.40
12/23/2025,FOREIGN TRANSACTION FEE,J RIVERA,-31009,2.65
12/24/2025,ETSY.COM - HANDMADE,J RIVERA,-31009,72.10
12/25/2025,UBER EATS ORDER,J RIVERA,-31009,19.23
12/25/2025,SHAKE SHACK #221,J RIVERA,-31009,25.44
12/25/2025,SHAKE SHACK #221,J RIVERA,-31009,22.12
12/25/2025,STARBUCKS STORE 08812,J RIVERA,-31009,5.24
12/25/2025,STARBUCKS STORE 08812,J RIVERA,-31009,5.55
12/25/2025,AUTOPAY PAYMENT - THANK YOU,J RIVERA,-31009,-3193.89
12/26/2025,SQ *BLUE BOTTLE COFFEE,J RIVERA,-31009,6.37
12/26/2025,STARBUCKS STORE 08812,J RIVERA,-31009,4.88
12/26/2025,SHELL OIL 57442,J RIVERA,-31009,39.28
12/27/2025,SQ *NOODLE BAR,J RIVERA,-31009,36.23
12/27/2025,SHELL OIL 57442,J RIVERA,-31009,52.45
12/28/2025,SQ *NOODLE BAR,J RIVERA,-31009,20.45
12/28/2025,SHAKE SHACK #221,J RIVERA,-31009,24.83
12/28/2025,PEETS COFFEE #117,J RIVERA,-31009,7.84
12/29/2025,SWEETGREEN MISSION,J RIVERA,-31009,31.13
12/30/2025,TST* THE HOLLOW DINER,J RIVERA,-31009,29.06
12/30/2025,PEETS COFFEE #117,J RIVERA,-31009,7.52
12/30/2025,STARBUCKS STORE 08812,J RIVERA,-31009,4.99
12/30/2025,COSTCO WHSE #0421,J RIVERA,-31009,53.52
01/01/2026,ETSY.COM - HANDMADE,J RIVERA,-31009,32.69
01/02/2026,SQ *BLUE BOTTLE COFFEE,J RIVERA,-31009,6.17
01/02/2026,SHELL OIL 57442,J RIVERA,-31009,57.39
01/03/2026,NETFLIX.COM,J RIVERA,-31009,17.99
01/03/2026,SWEETGREEN MISSION,J RIVERA,-31009,34.35
01/03/2026,PEETS COFFEE #117,J RIVERA,-31009,4.43
01/03/2026,UBER *TRIP HELP.UBER.COM,J RIVERA,-31009,17.57
01/03/2026,AMAZON.COM*RT5GH1,J RIVERA,-31009,19.92
01/03/2026,ETSY.COM - HANDMADE,J RIVERA,-31009,81.07
01/04/2026,UBER EATS ORDER,J RIVERA,-31009,30.35
01/05/2026,PELOTON INTERACTIVE MEMBERSHIP,J RIVERA,-31009,44.00
01/05/2026,WHOLE FOODS MKT 10234,J RIVERA,-31009,57.44
01/06/2026,COSTCO WHSE #0421,J RIVERA,-31009,54.66
01/06/2026,AMAZON.COM*RT5GH1,J RIVERA,-31009,60.23
01/07/2026,SPOTIFY USA,J RIVERA,-31009,11.99
01/07/2026,STARBUCKS STORE 08812,J RIVERA,-31009,5.44
01/07/2026,STARBUCKS STORE 08812,J RIVERA,-31009,7.59
01/08/2026,SQ *BLUE BOTTLE COFFEE,J RIVERA,-31009,7.62
01/10/2026,STARBUCKS STORE 08812,J RIVERA,-31009,5.68
01/10/2026,SQ *BLUE BOTTLE COFFEE,J RIVERA,-31009,5.27
01/11/2026,APPLE.COM/BILL ICLOUD,J RIVERA,-31009,2.99
01/11/2026,SQ *NOODLE BAR,J RIVERA,-31009,49.40
01/11/2026,STARBUCKS STORE 08812,J RIVERA,-31009,6.83
01/11/2026,SQ *BLUE BOTTLE COFFEE,J RIVERA,-31009,5.53
01/11/2026,UBER *TRIP HELP.UBER.COM,J RIVERA,-31009,29.49
01/12/2026,CHIPOTLE 1123,J RIVERA,-31009,52.60
01/12/2026,DOORDASH*THAI GARDEN,J RIVERA,-31009,24.07
01/12/2026,WHOLE FOODS MKT 10234,J RIVERA,-31009,59.28
01/13/2026,SQ *BLUE BOTTLE COFFEE,J RIVERA,-31009,5.13
01/14/2026,PLANET FITNESS CLUB FEES,J RIVERA,-31009,24.99
01/14/2026,UBER EATS ORDER,J RIVERA,-31009,21.20
01/15/2026,TST* THE HOLLOW DINER,J RIVERA,-31009,17.77
01/15/2026,SHAKE SHACK #221,J RIVERA,-31009,39.98
01/15/2026,WALGREENS #3321,J RIVERA,-31009,21.80
01/16/2026,SQ *NOODLE BAR,J RIVERA,-31009,29.16
01/16/2026,TST* THE HOLLOW DINER,J RIVERA,-31009,53.34
01/16/2026,SQ *BLUE BOTTLE COFFEE,J RIVERA,-31009,5.07
01/16/2026,PEETS COFFEE #117,J RIVERA,-31009,6.12
01/16/2026,SHELL OIL 57442,J RIVERA,-31009,56.55
01/16/2026,AMAZON.COM*RT5GH1,J RIVERA,-31009,39.43
01/17/2026,NYTIMES DIGITAL,J RIVERA,-31009,25.00
01/17/2026,TST* THE HOLLOW DINER,J RIVERA,-31009,28.46
01/17/2026,SHAKE SHACK #221,J RIVERA,-31009,30.71
01/17/2026,PEETS COFFEE #117,J RIVERA,-31009,5.78
01/17/2026,WHOLE FOODS MKT 10234,J RIVERA,-31009,44.16
01/17/2026,UBER *TRIP HELP.UBER.COM,J RIVERA,-31009,19.48
01/17/2026,TARGET 00012345,J RIVERA,-31009,30.28
01/17/2026,TICKETMASTER,J RIVERA,-31009,67.58
01/18/2026,TST* THE HOLLOW DINER,J RIVERA,-31009,26.80
01/18/2026,SQ *BLUE BOTTLE COFFEE,J RIVERA,-31009,6.40
01/19/2026,PEETS COFFEE #117,J RIVERA,-31009,5.55
01/19/2026,ETSY.COM - HANDMADE,J RIVERA,-31009,22.68
01/20/2026,ADOBE *CREATIVE CLOUD,J RIVERA,-31009,59.99
01/20/2026,STARBUCKS STORE 08812,J RIVERA,-31009,5.47
01/20/2026,SAFEWAY #1781,J RIVERA,-31009,72.21
01/20/2026,AMAZON.COM*RT5GH1,J RIVERA,-31009,24.39
01/21/2026,SHAKE SHACK #221,J RIVERA,-31009,45.19
01/21/2026,PEETS COFFEE #117,J RIVERA,-31009,6.43
01/21/2026,PEETS COFFEE #117,J RIVERA,-31009,6.44
01/21/2026,ETSY.COM - HANDMADE,J RIVERA,-31009,68.35
01/21/2026,INTEREST CHARGE ON PURCHASES,J RIVERA,-31009,23.00
01/23/2026,SWEETGREEN MISSION,J RIVERA,-31009,35.69
01/23/2026,DOORDASH*THAI GARDEN,J RIVERA,-31009,37.37
01/23/2026,UBER *TRIP HELP.UBER.COM,J RIVERA,-31009,31.15
01/24/2026,CHIPOTLE 1123,J RIVERA,-31009,24.79
01/24/2026,SQ *BLUE BOTTLE COFFEE,J RIVERA,-31009,6.50
01/24/2026,SHELL OIL 57442,J RIVERA,-31009,58.53
01/24/2026,UBER *TRIP HELP.UBER.COM,J RIVERA,-31009,28.85
01/25/2026,PEETS COFFEE #117,J RIVERA,-31009,4.75
01/25/2026,AUTOPAY PAYMENT - THANK YOU,J RIVERA,-31009,-2845.67
01/26/2026,SQ *NOODLE BAR,J RIVERA,-31009,42.30
01/26/2026,SHELL OIL 57442,J RIVERA,-31009,57.04
01/28/2026,DOORDASH*THAI GARDEN,J RIVERA,-31009,27.80
01/28/2026,STARBUCKS STORE 08812,J RIVERA,-31009,4.40
01/29/2026,SQ *NOODLE BAR,J RIVERA,-31009,27.87
01/29/2026,SHELL OIL 57442,J RIVERA,-31009,56.80
01/29/2026,UBER *TRIP HELP.UBER.COM,J RIVERA,-31009,20.75
01/30/2026,DOORDASH*THAI GARDEN,J RIVERA,-31009,12.62
01/30/2026,DOORDASH*THAI GARDEN,J RIVERA,-31009,24.27
01/30/2026,TRADER JOE'S #552,J RIVERA,-31009,58.11
01/30/2026,AMZN MKTP US*2K4LZ91,J RIVERA,-31009,70.76
01/31/2026,UBER EATS ORDER,J RIVERA,-31009,20.66
01/31/2026,SQ *NOODLE BAR,J RIVERA,-31009,15.99
01/31/2026,CHIPOTLE 1123,J RIVERA,-31009,46.48
01/31/2026,PEETS COFFEE #117,J RIVERA,-31009,7.52
01/31/2026,WHOLE FOODS MKT 10234,J RIVERA,-31009,52.46
02/01/2026,SQ *NOODLE BAR,J RIVERA,-31009,21.64
02/01/2026,CHIPOTLE 1123,J RIVERA,-31009,27.31
02/01/2026,CHIPOTLE 1123,J RIVERA,-31009,25.62
02/01/2026,SHAKE SHACK #221,J RIVERA,-31009,39.38
02/01/2026,TRADER JOE'S #552,J RIVERA,-31009,98.30
02/01/2026,SHELL OIL 57442,J RIVERA,-31009,56.13
02/02/2026,PEETS COFFEE #117,J RIVERA,-31009,7.74
02/02/2026,STARBUCKS STORE 08812,J RIVERA,-31009,7.30
02/02/2026,STARBUCKS STORE 08812,J RIVERA,-31009,7.23
02/03/2026,NETFLIX.COM,J RIVERA,-31009,17.99
02/03/2026,SHELL OIL 57442,J RIVERA,-31009,51.21
02/03/2026,TARGET 00012345,J RIVERA,-31009,77.97
02/04/2026,TRADER JOE'S #552,J RIVERA,-31009,41.17
02/05/2026,PELOTON INTERACTIVE MEMBERSHIP,J RIVERA,-31009,44.00
02/05/2026,UBER EATS ORDER,J RIVERA,-31009,25.37
02/05/2026,TST* THE HOLLOW DINER,J RIVERA,-31009,38.87
02/05/2026,PEETS COFFEE #117,J RIVERA,-31009,6.46
02/05/2026,STARBUCKS STORE 08812,J RIVERA,-31009,5.98
02/05/2026,PEETS COFFEE #117,J RIVERA,-31009,5.76
02/06/2026,UBER EATS ORDER,J RIVERA,-31009,18.75
02/07/2026,SPOTIFY USA,J RIVERA,-31009,11.99
02/08/2026,DOORDASH*THAI GARDEN,J RIVERA,-31009,39.68
02/08/2026,STARBUCKS STORE 08812,J RIVERA,-31009,7.26
02/08/2026,PEETS COFFEE #117,J RIVERA,-31009,4.92
02/09/2026,SQ *BLUE BOTTLE COFFEE,J RIVERA,-31009,6.62
02/09/2026,SAFEWAY #1781,J RIVERA,-31009,37.26
02/10/2026,STARBUCKS STORE 08812,J RIVERA,-31009,4.66
02/10/2026,SHELL OIL 57442,J RIVERA,-31009,59.92
02/10/2026,UBER *TRIP HELP.UBER.COM,J RIVERA,-31009,23.47
02/11/2026,APPLE.COM/BILL ICLOUD,J RIVERA,-31009,2.99
02/12/2026,DOORDASH*THAI GARDEN,J RIVERA,-31009,66.90
02/12/2026,COSTCO WHSE #0421,J RIVERA,-31009,62.76
02/13/2026,SWEETGREEN MISSION,J RIVERA,-31009,23.75
02/14/2026,PLANET FITNESS CLUB FEES,J RIVERA,-31009,24.99
02/14/2026,PLANET FITNESS ANNUAL FEE,J RIVERA,-31009,49.00
02/14/2026,SWEETGREEN MISSION,J RIVERA,-31009,37.07
02/14/2026,TST* THE HOLLOW DINER,J RIVERA,-31009,25.00
02/15/2026,SWEETGREEN MISSION,J RIVERA,-31009,25.34
02/15/2026,SWEETGREEN MISSION,J RIVERA,-31009,40.81
02/15/2026,UBER EATS ORDER,J RIVERA,-31009,22.09
02/15/2026,TST* THE HOLLOW DINER,J RIVERA,-31009,55.54
02/15/2026,DOORDASH*THAI GARDEN,J RIVERA,-31009,34.28
02/15/2026,PEETS COFFEE #117,J RIVERA,-31009,6.08
02/15/2026,AMZN MKTP US*2K4LZ91,J RIVERA,-31009,30.77
02/16/2026,SHAKE SHACK #221,J RIVERA,-31009,20.72
02/17/2026,NYTIMES DIGITAL,J RIVERA,-31009,25.00
02/18/2026,STARBUCKS STORE 08812,J RIVERA,-31009,5.59
02/18/2026,WALGREENS #3321,J RIVERA,-31009,46.27
02/19/2026,DOORDASH*THAI GARDEN,J RIVERA,-31009,19.98
02/19/2026,SQ *BLUE BOTTLE COFFEE,J RIVERA,-31009,5.69
02/19/2026,SAFEWAY #1781,J RIVERA,-31009,53.13
02/20/2026,ADOBE *CREATIVE CLOUD,J RIVERA,-31009,59.99
02/20/2026,SQ *BLUE BOTTLE COFFEE,J RIVERA,-31009,4.64
02/21/2026,DOORDASH*THAI GARDEN,J RIVERA,-31009,40.42
02/21/2026,CHIPOTLE 1123,J RIVERA,-31009,40.04
02/21/2026,CHIPOTLE 1123,J RIVERA,-31009,32.34
02/21/2026,SQ *BLUE BOTTLE COFFEE,J RIVERA,-31009,6.02
02/21/2026,INTEREST CHARGE ON PURCHASES,J RIVERA,-31009,27.96
02/22/2026,DOORDASH*THAI GARDEN,J RIVERA,-31009,19.24
02/23/2026,AMZN MKTP US*2K4LZ91,J RIVERA,-31009,29.69
02/24/2026,STARBUCKS STORE 08812,J RIVERA,-31009,7.23
02/24/2026,COSTCO WHSE #0421,J RIVERA,-31009,29.05
02/24/2026,UBER *TRIP HELP.UBER.COM,J RIVERA,-31009,22.11
02/25/2026,UBER EATS ORDER,J RIVERA,-31009,29.03
02/25/2026,SAFEWAY #1781,J RIVERA,-31009,57.13
02/25/2026,AMZN MKTP US*2K4LZ91,J RIVERA,-31009,16.31
02/25/2026,ETSY.COM - HANDMADE,J RIVERA,-31009,203.88
02/25/2026,AUTOPAY PAYMENT - THANK YOU,J RIVERA,-31009,-2058.52
02/26/2026,PEETS COFFEE #117,J RIVERA,-31009,7.27
02/27/2026,UBER EATS ORDER,J RIVERA,-31009,23.88
02/27/2026,SQ *NOODLE BAR,J RIVERA,-31009,16.39
02/27/2026,SHELL OIL 57442,J RIVERA,-31009,51.78
02/27/2026,AMC THEATRES 4410,J RIVERA,-31009,74.99
02/28/2026,DOORDASH*THAI GARDEN,J RIVERA,-31009,26.45
02/28/2026,UBER EATS ORDER,J RIVERA,-31009,40.86
02/28/2026,SQ *NOODLE BAR,J RIVERA,-31009,52.19
02/28/2026,UBER EATS ORDER,J RIVERA,-31009,50.73
02/28/2026,SHAKE SHACK #221,J RIVERA,-31009,29.81
02/28/2026,TST* THE HOLLOW DINER,J RIVERA,-31009,26.68
02/28/2026,SQ *BLUE BOTTLE COFFEE,J RIVERA,-31009,7.01
02/28/2026,TRADER JOE'S #552,J RIVERA,-31009,40.55
02/28/2026,AMAZON.COM*RT5GH1,J RIVERA,-31009,24.97
02/28/2026,ETSY.COM - HANDMADE,J RIVERA,-31009,29.48
03/01/2026,SQ *BLUE BOTTLE COFFEE,J RIVERA,-31009,7.61
03/01/2026,UBER *TRIP HELP.UBER.COM,J RIVERA,-31009,24.93
03/02/2026,STARBUCKS STORE 08812,J RIVERA,-31009,5.90
03/03/2026,NETFLIX.COM,J RIVERA,-31009,17.99
03/03/2026,SHAKE SHACK #221,J RIVERA,-31009,28.80
03/03/2026,ETSY.COM - HANDMADE,J RIVERA,-31009,48.54
03/04/2026,SQ *BLUE BOTTLE COFFEE,J RIVERA,-31009,5.70
03/04/2026,SQ *BLUE BOTTLE COFFEE,J RIVERA,-31009,6.76
03/04/2026,SQ *BLUE BOTTLE COFFEE,J RIVERA,-31009,7.39
03/04/2026,WALGREENS #3321,J RIVERA,-31009,42.10
03/05/2026,PELOTON INTERACTIVE MEMBERSHIP,J RIVERA,-31009,44.00
03/05/2026,TARGET 00012345,J RIVERA,-31009,15.87
03/06/2026,CHIPOTLE 1123,J RIVERA,-31009,37.93
03/07/2026,SPOTIFY USA,J RIVERA,-31009,11.99
03/07/2026,SHAKE SHACK #221,J RIVERA,-31009,24.14
03/07/2026,SQ *BLUE BOTTLE COFFEE,J RIVERA,-31009,7.10
03/08/2026,SQ *BLUE BOTTLE COFFEE,J RIVERA,-31009,5.62
03/08/2026,COSTCO WHSE #0421,J RIVERA,-31009,55.07
03/08/2026,ETSY.COM - HANDMADE,J RIVERA,-31009,34.62
03/08/2026,AMZN MKTP US*2K4LZ91,J RIVERA,-31009,78.60
03/08/2026,ETSY.COM - HANDMADE,J RIVERA,-31009,110.92
03/09/2026,SQ *NOODLE BAR,J RIVERA,-31009,12.30
03/10/2026,SQ *BLUE BOTTLE COFFEE,J RIVERA,-31009,5.14
03/10/2026,STARBUCKS STORE 08812,J RIVERA,-31009,4.32
03/10/2026,STARBUCKS STORE 08812,J RIVERA,-31009,5.01
03/10/2026,PEETS COFFEE #117,J RIVERA,-31009,6.58
03/11/2026,APPLE.COM/BILL ICLOUD,J RIVERA,-31009,2.99
03/11/2026,SQ *BLUE BOTTLE COFFEE,J RIVERA,-31009,6.97
03/11/2026,PEETS COFFEE #117,J RIVERA,-31009,4.54
03/11/2026,SAFEWAY #1781,J RIVERA,-31009,67.92
03/11/2026,ETSY.COM - HANDMADE,J RIVERA,-31009,43.60
03/12/2026,TST* THE HOLLOW DINER,J RIVERA,-31009,39.07
03/12/2026,UBER EATS ORDER,J RIVERA,-31009,48.25
03/12/2026,CHIPOTLE 1123,J RIVERA,-31009,22.22
03/12/2026,PEETS COFFEE #117,J RIVERA,-31009,4.66
03/12/2026,PEETS COFFEE #117,J RIVERA,-31009,4.37
03/12/2026,UBER *TRIP HELP.UBER.COM,J RIVERA,-31009,18.14
03/12/2026,ETSY.COM - HANDMADE,J RIVERA,-31009,46.46
03/13/2026,TST* THE HOLLOW DINER,J RIVERA,-31009,25.86
03/14/2026,PLANET FITNESS CLUB FEES,J RIVERA,-31009,24.99
03/14/2026,SQ *NOODLE BAR,J RIVERA,-31009,20.57
03/14/2026,CHIPOTLE 1123,J RIVERA,-31009,23.08
03/14/2026,SHELL OIL 57442,J RIVERA,-31009,56.85
03/14/2026,TARGET 00012345,J RIVERA,-31009,22.64
03/15/2026,SWEETGREEN MISSION,J RIVERA,-31009,27.59
03/15/2026,SHAKE SHACK #221,J RIVERA,-31009,60.10
03/15/2026,CHIPOTLE 1123,J RIVERA,-31009,32.89
03/15/2026,UBER EATS ORDER,J RIVERA,-31009,23.97
03/15/2026,STARBUCKS STORE 08812,J RIVERA,-31009,7.23
03/15/2026,AMAZON.COM*RT5GH1,J RIVERA,-31009,25.32
03/16/2026,SQ *BLUE BOTTLE COFFEE,J RIVERA,-31009,7.03
03/17/2026,NYTIMES DIGITAL,J RIVERA,-31009,25.00
03/18/2026,SHAKE SHACK #221,J RIVERA,-31009,33.49
03/18/2026,PEETS COFFEE #117,J RIVERA,-31009,7.70
03/18/2026,COSTCO WHSE #0421,J RIVERA,-31009,55.34
03/19/2026,SWEETGREEN MISSION,J RIVERA,-31009,30.67
03/19/2026,TST* THE HOLLOW DINER,J RIVERA,-31009,22.62
03/20/2026,ADOBE *CREATIVE CLOUD,J RIVERA,-31009,59.99
03/20/2026,TRADER JOE'S #552,J RIVERA,-31009,41.53
03/20/2026,SHELL OIL 57442,J RIVERA,-31009,59.26
03/21/2026,SQ *NOODLE BAR,J RIVERA,-31009,28.38
03/21/2026,INTEREST CHARGE ON PURCHASES,J RIVERA,-31009,31.42
03/22/2026,CHIPOTLE 1123,J RIVERA,-31009,23.24
03/22/2026,SWEETGREEN MISSION,J RIVERA,-31009,17.48
03/22/2026,STARBUCKS STORE 08812,J RIVERA,-31009,6.75
03/22/2026,STARBUCKS STORE 08812,J RIVERA,-31009,6.79
03/22/2026,PEETS COFFEE #117,J RIVERA,-31009,4.65
03/23/2026,TRADER JOE'S #552,J RIVERA,-31009,75.51
03/25/2026,UBER EATS ORDER,J RIVERA,-31009,40.96
03/25/2026,COSTCO WHSE #0421,J RIVERA,-31009,66.69
03/25/2026,AUTOPAY PAYMENT - THANK YOU,J RIVERA,-31009,-2158.10
03/26/2026,SHAKE SHACK #221,J RIVERA,-31009,23.40
03/26/2026,SWEETGREEN MISSION,J RIVERA,-31009,16.18
03/26/2026,STARBUCKS STORE 08812,J RIVERA,-31009,4.31
03/27/2026,UBER *TRIP HELP.UBER.COM,J RIVERA,-31009,24.30
03/29/2026,CHIPOTLE 1123,J RIVERA,-31009,26.46
03/29/2026,STARBUCKS STORE 08812,J RIVERA,-31009,7.00
03/29/2026,SQ *BLUE BOTTLE COFFEE,J RIVERA,-31009,4.34
03/30/2026,STARBUCKS STORE 08812,J RIVERA,-31009,5.61
03/31/2026,TST* THE HOLLOW DINER,J RIVERA,-31009,54.96
04/02/2026,UBER *TRIP HELP.UBER.COM,J RIVERA,-31009,23.19
04/03/2026,NETFLIX.COM,J RIVERA,-31009,17.99
04/03/2026,COSTCO WHSE #0421,J RIVERA,-31009,79.24
04/03/2026,AMAZON.COM*RT5GH1,J RIVERA,-31009,38.88
04/04/2026,SQ *NOODLE BAR,J RIVERA,-31009,16.48
04/04/2026,UBER *TRIP HELP.UBER.COM,J RIVERA,-31009,26.97
04/05/2026,PELOTON INTERACTIVE MEMBERSHIP,J RIVERA,-31009,44.00
04/05/2026,PEETS COFFEE #117,J RIVERA,-31009,7.73
04/06/2026,SWEETGREEN MISSION,J RIVERA,-31009,26.76
04/06/2026,SQ *BLUE BOTTLE COFFEE,J RIVERA,-31009,4.93
04/06/2026,AMAZON.COM*RT5GH1,J RIVERA,-31009,34.48
04/07/2026,SPOTIFY USA,J RIVERA,-31009,11.99
04/07/2026,SQ *NOODLE BAR,J RIVERA,-31009,52.16
04/07/2026,SQ *BLUE BOTTLE COFFEE,J RIVERA,-31009,7.59
04/07/2026,SHELL OIL 57442,J RIVERA,-31009,42.16
04/07/2026,UBER *TRIP HELP.UBER.COM,J RIVERA,-31009,27.34
04/08/2026,DOORDASH*THAI GARDEN,J RIVERA,-31009,30.48
04/10/2026,UBER EATS ORDER,J RIVERA,-31009,49.48
04/10/2026,SQ *BLUE BOTTLE COFFEE,J RIVERA,-31009,4.85
04/10/2026,PEETS COFFEE #117,J RIVERA,-31009,7.13
04/11/2026,APPLE.COM/BILL ICLOUD,J RIVERA,-31009,2.99
04/11/2026,DOORDASH*THAI GARDEN,J RIVERA,-31009,34.21
04/11/2026,UBER *TRIP HELP.UBER.COM,J RIVERA,-31009,18.83
04/11/2026,MIDAS AUTO SERVICE #2231,J RIVERA,-31009,1240.55
04/13/2026,SHAKE SHACK #221,J RIVERA,-31009,43.90
04/13/2026,SAFEWAY #1781,J RIVERA,-31009,51.57
04/13/2026,STEAMGAMES.COM 4259522,J RIVERA,-31009,71.67
04/14/2026,PLANET FITNESS CLUB FEES,J RIVERA,-31009,24.99
04/15/2026,SQ *BLUE BOTTLE COFFEE,J RIVERA,-31009,5.56
04/15/2026,WHOLE FOODS MKT 10234,J RIVERA,-31009,75.26
04/15/2026,ETSY.COM - HANDMADE,J RIVERA,-31009,74.01
04/16/2026,COSTCO WHSE #0421,J RIVERA,-31009,51.67
04/17/2026,NYTIMES DIGITAL,J RIVERA,-31009,25.00
04/17/2026,SWEETGREEN MISSION,J RIVERA,-31009,22.92
04/17/2026,SAFEWAY #1781,J RIVERA,-31009,44.67
04/18/2026,PEETS COFFEE #117,J RIVERA,-31009,4.70
04/18/2026,COSTCO WHSE #0421,J RIVERA,-31009,71.20
04/18/2026,TARGET 00012345,J RIVERA,-31009,17.58
04/19/2026,SWEETGREEN MISSION,J RIVERA,-31009,70.77
04/19/2026,TST* THE HOLLOW DINER,J RIVERA,-31009,29.04
04/19/2026,STARBUCKS STORE 08812,J RIVERA,-31009,5.56
04/19/2026,PEETS COFFEE #117,J RIVERA,-31009,4.42
04/19/2026,TRADER JOE'S #552,J RIVERA,-31009,35.12
04/20/2026,ADOBE *CREATIVE CLOUD,J RIVERA,-31009,59.99
04/20/2026,CHIPOTLE 1123,J RIVERA,-31009,35.29
04/20/2026,SQ *NOODLE BAR,J RIVERA,-31009,28.99
04/20/2026,PEETS COFFEE #117,J RIVERA,-31009,5.73
04/20/2026,COSTCO WHSE #0421,J RIVERA,-31009,47.99
04/21/2026,STARBUCKS STORE 08812,J RIVERA,-31009,6.24
04/21/2026,PEETS COFFEE #117,J RIVERA,-31009,5.96
04/21/2026,INTEREST CHARGE ON PURCHASES,J RIVERA,-31009,41.52
04/22/2026,SHAKE SHACK #221,J RIVERA,-31009,25.08
04/22/2026,DOORDASH*THAI GARDEN,J RIVERA,-31009,33.39
04/22/2026,PEETS COFFEE #117,J RIVERA,-31009,7.92
04/22/2026,STARBUCKS STORE 08812,J RIVERA,-31009,6.72
04/22/2026,WHOLE FOODS MKT 10234,J RIVERA,-31009,34.62
04/23/2026,PEETS COFFEE #117,J RIVERA,-31009,7.09
04/24/2026,PEETS COFFEE #117,J RIVERA,-31009,4.70
04/24/2026,TARGET 00012345,J RIVERA,-31009,40.69
04/25/2026,AMAZON.COM*RT5GH1,J RIVERA,-31009,34.23
04/25/2026,AMZN MKTP US*2K4LZ91,J RIVERA,-31009,33.87
04/25/2026,AUTOPAY PAYMENT - THANK YOU,J RIVERA,-31009,-1743.54
04/26/2026,DOORDASH*THAI GARDEN,J RIVERA,-31009,22.50
04/26/2026,SWEETGREEN MISSION,J RIVERA,-31009,20.41
04/26/2026,STARBUCKS STORE 08812,J RIVERA,-31009,4.76
04/26/2026,TARGET 00012345,J RIVERA,-31009,74.67
04/26/2026,TARGET 00012345,J RIVERA,-31009,44.50
04/27/2026,PEETS COFFEE #117,J RIVERA,-31009,6.80
04/29/2026,STARBUCKS STORE 08812,J RIVERA,-31009,4.37
04/29/2026,SHELL OIL 57442,J RIVERA,-31009,58.60
04/30/2026,SQ *NOODLE BAR,J RIVERA,-31009,16.67
04/30/2026,DOORDASH*THAI GARDEN,J RIVERA,-31009,43.97
04/30/2026,DOORDASH*THAI GARDEN,J RIVERA,-31009,8.93
04/30/2026,PEETS COFFEE #117,J RIVERA,-31009,7.51
05/01/2026,CHIPOTLE 1123,J RIVERA,-31009,32.83
05/01/2026,SHAKE SHACK #221,J RIVERA,-31009,33.52
05/01/2026,STARBUCKS STORE 08812,J RIVERA,-31009,4.48
05/01/2026,PEETS COFFEE #117,J RIVERA,-31009,5.66
05/02/2026,STARBUCKS STORE 08812,J RIVERA,-31009,6.15
05/03/2026,NETFLIX.COM,J RIVERA,-31009,17.99
05/03/2026,STARBUCKS STORE 08812,J RIVERA,-31009,4.73
05/05/2026,PELOTON INTERACTIVE MEMBERSHIP,J RIVERA,-31009,44.00
05/05/2026,WALGREENS #3321,J RIVERA,-31009,44.38
05/06/2026,STEAMGAMES.COM 4259522,J RIVERA,-31009,31.79
05/07/2026,SPOTIFY USA,J RIVERA,-31009,11.99
05/07/2026,SQ *BLUE BOTTLE COFFEE,J RIVERA,-31009,6.66
05/08/2026,UBER EATS ORDER,J RIVERA,-31009,84.89
05/08/2026,PEETS COFFEE #117,J RIVERA,-31009,6.73
05/08/2026,SAFEWAY #1781,J RIVERA,-31009,63.48
05/09/2026,UBER EATS ORDER,J RIVERA,-31009,25.74
05/09/2026,ETSY.COM - HANDMADE,J RIVERA,-31009,43.92
05/10/2026,SWEETGREEN MISSION,J RIVERA,-31009,36.77
05/10/2026,SWEETGREEN MISSION,J RIVERA,-31009,34.67
05/10/2026,CHIPOTLE 1123,J RIVERA,-31009,18.93
05/11/2026,APPLE.COM/BILL ICLOUD,J RIVERA,-31009,2.99
05/11/2026,SQ *NOODLE BAR,J RIVERA,-31009,26.35
05/13/2026,SHAKE SHACK #221,J RIVERA,-31009,14.15
05/13/2026,SQ *NOODLE BAR,J RIVERA,-31009,29.05
05/14/2026,PLANET FITNESS CLUB FEES,J RIVERA,-31009,24.99
05/14/2026,UBER EATS ORDER,J RIVERA,-31009,35.06
05/14/2026,SQ *BLUE BOTTLE COFFEE,J RIVERA,-31009,5.13
05/15/2026,SWEETGREEN MISSION,J RIVERA,-31009,32.50
05/15/2026,SQ *NOODLE BAR,J RIVERA,-31009,21.51
05/15/2026,STARBUCKS STORE 08812,J RIVERA,-31009,5.72
05/15/2026,TARGET 00012345,J RIVERA,-31009,52.12
05/15/2026,GREAT CLIPS BARBER,J RIVERA,-31009,28.00
05/16/2026,SWEETGREEN MISSION,J RIVERA,-31009,25.09
05/16/2026,SQ *NOODLE BAR,J RIVERA,-31009,19.78
05/16/2026,SHAKE SHACK #221,J RIVERA,-31009,42.39
05/16/2026,SQ *NOODLE BAR,J RIVERA,-31009,27.67
05/16/2026,WHOLE FOODS MKT 10234,J RIVERA,-31009,89.28
05/16/2026,UBER *TRIP HELP.UBER.COM,J RIVERA,-31009,26.21
05/16/2026,ETSY.COM - HANDMADE,J RIVERA,-31009,86.33
05/16/2026,AMAZON.COM*RT5GH1,J RIVERA,-31009,54.26
05/17/2026,NYTIMES DIGITAL,J RIVERA,-31009,25.00
05/17/2026,DOORDASH*THAI GARDEN,J RIVERA,-31009,24.27
05/17/2026,TST* THE HOLLOW DINER,J RIVERA,-31009,44.16
05/17/2026,DOORDASH*THAI GARDEN,J RIVERA,-31009,23.30
05/17/2026,TST* THE HOLLOW DINER,J RIVERA,-31009,35.37
05/17/2026,SQ *BLUE BOTTLE COFFEE,J RIVERA,-31009,7.76
05/17/2026,ETSY.COM - HANDMADE,J RIVERA,-31009,73.85
05/19/2026,SHAKE SHACK #221,J RIVERA,-31009,50.26
05/19/2026,UBER *TRIP HELP.UBER.COM,J RIVERA,-31009,22.93
05/20/2026,ADOBE *CREATIVE CLOUD,J RIVERA,-31009,59.99
05/20/2026,TST* THE HOLLOW DINER,J RIVERA,-31009,36.24
05/20/2026,SQ *BLUE BOTTLE COFFEE,J RIVERA,-31009,7.74
05/20/2026,SAFEWAY #1781,J RIVERA,-31009,64.57
05/21/2026,COSTCO WHSE #0421,J RIVERA,-31009,67.37
05/21/2026,INTEREST CHARGE ON PURCHASES,J RIVERA,-31009,48.09
05/22/2026,UBER EATS ORDER,J RIVERA,-31009,23.33
05/22/2026,PEETS COFFEE #117,J RIVERA,-31009,7.18
05/23/2026,SQ *NOODLE BAR,J RIVERA,-31009,25.44
05/23/2026,DOORDASH*THAI GARDEN,J RIVERA,-31009,33.76
05/23/2026,UBER EATS ORDER,J RIVERA,-31009,30.31
05/24/2026,TST* THE HOLLOW DINER,J RIVERA,-31009,38.53
05/25/2026,SHAKE SHACK #221,J RIVERA,-31009,47.19
05/25/2026,TST* THE HOLLOW DINER,J RIVERA,-31009,31.70
05/25/2026,CHIPOTLE 1123,J RIVERA,-31009,24.86
05/25/2026,AUTOPAY PAYMENT - THANK YOU,J RIVERA,-31009,-2750.06
05/26/2026,STARBUCKS STORE 08812,J RIVERA,-31009,7.73
05/26/2026,SQ *BLUE BOTTLE COFFEE,J RIVERA,-31009,5.76
05/26/2026,PEETS COFFEE #117,J RIVERA,-31009,5.32
05/26/2026,SHELL OIL 57442,J RIVERA,-31009,51.74
05/26/2026,AMAZON.COM*RT5GH1,J RIVERA,-31009,20.71
05/26/2026,AMZN MKTP US*2K4LZ91,J RIVERA,-31009,50.58
05/27/2026,SAFEWAY #1781,J RIVERA,-31009,14.81
05/28/2026,COSTCO WHSE #0421,J RIVERA,-31009,72.02
05/28/2026,ETSY.COM - HANDMADE,J RIVERA,-31009,26.09
05/29/2026,SWEETGREEN MISSION,J RIVERA,-31009,76.55
05/30/2026,SWEETGREEN MISSION,J RIVERA,-31009,28.49
05/30/2026,SWEETGREEN MISSION,J RIVERA,-31009,16.88
05/30/2026,CHIPOTLE 1123,J RIVERA,-31009,52.60
05/30/2026,CHIPOTLE 1123,J RIVERA,-31009,47.79
05/30/2026,SWEETGREEN MISSION,J RIVERA,-31009,22.77
05/30/2026,ETSY.COM - HANDMADE,J RIVERA,-31009,83.16
05/31/2026,DOORDASH*THAI GARDEN,J RIVERA,-31009,30.32
05/31/2026,ETSY.COM - HANDMADE,J RIVERA,-31009,31.85
06/01/2026,SWEETGREEN MISSION,J RIVERA,-31009,22.37
06/01/2026,SAFEWAY #1781,J RIVERA,-31009,55.86
06/02/2026,SHAKE SHACK #221,J RIVERA,-31009,39.09
06/02/2026,STARBUCKS STORE 08812,J RIVERA,-31009,6.48
06/02/2026,SQ *BLUE BOTTLE COFFEE,J RIVERA,-31009,7.13
06/02/2026,TRADER JOE'S #552,J RIVERA,-31009,48.59
06/03/2026,NETFLIX.COM,J RIVERA,-31009,17.99
06/03/2026,WHOLE FOODS MKT 10234,J RIVERA,-31009,62.31
06/04/2026,STARBUCKS STORE 08812,J RIVERA,-31009,6.13
06/04/2026,STARBUCKS STORE 08812,J RIVERA,-31009,4.95
06/05/2026,PELOTON INTERACTIVE MEMBERSHIP,J RIVERA,-31009,44.00
06/05/2026,CHIPOTLE 1123,J RIVERA,-31009,39.15
06/05/2026,SHAKE SHACK #221,J RIVERA,-31009,20.79
06/05/2026,CHIPOTLE 1123,J RIVERA,-31009,35.66
06/05/2026,TRADER JOE'S #552,J RIVERA,-31009,91.88
06/06/2026,TST* THE HOLLOW DINER,J RIVERA,-31009,32.27
06/06/2026,SHELL OIL 57442,J RIVERA,-31009,51.92
06/07/2026,SPOTIFY USA,J RIVERA,-31009,11.99
06/07/2026,SQ *BLUE BOTTLE COFFEE,J RIVERA,-31009,5.69
06/08/2026,SAFEWAY #1781,J RIVERA,-31009,135.64
06/08/2026,ETSY.COM - HANDMADE,J RIVERA,-31009,34.17
06/08/2026,AMZN MKTP US*2K4LZ91,J RIVERA,-31009,78.97
06/09/2026,UBER EATS ORDER,J RIVERA,-31009,28.67
06/09/2026,PEETS COFFEE #117,J RIVERA,-31009,5.22
06/09/2026,STARBUCKS STORE 08812,J RIVERA,-31009,4.97
06/09/2026,UBER *TRIP HELP.UBER.COM,J RIVERA,-31009,24.78
06/09/2026,TARGET 00012345,J RIVERA,-31009,92.62
06/10/2026,SWEETGREEN MISSION,J RIVERA,-31009,35.94
06/10/2026,SQ *BLUE BOTTLE COFFEE,J RIVERA,-31009,7.37
06/10/2026,STARBUCKS STORE 08812,J RIVERA,-31009,6.67
06/10/2026,STARBUCKS STORE 08812,J RIVERA,-31009,4.38
06/10/2026,WHOLE FOODS MKT 10234,J RIVERA,-31009,63.11
06/10/2026,AMZN MKTP US*2K4LZ91,J RIVERA,-31009,24.84
06/11/2026,APPLE.COM/BILL ICLOUD,J RIVERA,-31009,2.99
06/11/2026,SQ *BLUE BOTTLE COFFEE,J RIVERA,-31009,6.49
06/11/2026,TRADER JOE'S #552,J RIVERA,-31009,32.58
06/12/2026,PEETS COFFEE #117,J RIVERA,-31009,6.37
06/12/2026,STARBUCKS STORE 08812,J RIVERA,-31009,4.67
06/13/2026,SQ *NOODLE BAR,J RIVERA,-31009,20.58
06/13/2026,SWEETGREEN MISSION,J RIVERA,-31009,29.93
06/13/2026,STARBUCKS STORE 08812,J RIVERA,-31009,4.70
06/13/2026,AMC THEATRES 4410,J RIVERA,-31009,42.52
06/14/2026,PLANET FITNESS CLUB FEES,J RIVERA,-31009,24.99
06/14/2026,SWEETGREEN MISSION,J RIVERA,-31009,30.20
06/14/2026,SQ *BLUE BOTTLE COFFEE,J RIVERA,-31009,4.78
06/14/2026,AMZN MKTP US*2K4LZ91,J RIVERA,-31009,76.62
06/14/2026,AMZN MKTP US*2K4LZ91,J RIVERA,-31009,107.55
06/15/2026,CHIPOTLE 1123,J RIVERA,-31009,29.25
06/15/2026,STARBUCKS STORE 08812,J RIVERA,-31009,5.84
06/15/2026,AMZN MKTP US*2K4LZ91,J RIVERA,-31009,34.33
06/16/2026,UBER EATS ORDER,J RIVERA,-31009,14.61
06/16/2026,PEETS COFFEE #117,J RIVERA,-31009,7.74
06/16/2026,TRADER JOE'S #552,J RIVERA,-31009,73.79
06/17/2026,NYTIMES DIGITAL,J RIVERA,-31009,25.00
06/17/2026,DOORDASH*THAI GARDEN,J RIVERA,-31009,26.51
06/17/2026,SHELL OIL 57442,J RIVERA,-31009,42.92
06/17/2026,AMAZON.COM*RT5GH1,J RIVERA,-31009,101.56
06/17/2026,AMZN MKTP US*2K4LZ91,J RIVERA,-31009,63.54
06/17/2026,AMAZON.COM*RT5GH1,J RIVERA,-31009,58.57
06/19/2026,TST* THE HOLLOW DINER,J RIVERA,-31009,28.47
06/19/2026,PEETS COFFEE #117,J RIVERA,-31009,6.31
06/19/2026,PEETS COFFEE #117,J RIVERA,-31009,6.86
06/19/2026,SQ *BLUE BOTTLE COFFEE,J RIVERA,-31009,4.55
06/20/2026,ADOBE *CREATIVE CLOUD,J RIVERA,-31009,59.99
06/20/2026,SWEETGREEN MISSION,J RIVERA,-31009,19.70
06/20/2026,DOORDASH*THAI GARDEN,J RIVERA,-31009,66.93
06/21/2026,CHIPOTLE 1123,J RIVERA,-31009,32.95
06/21/2026,STARBUCKS STORE 08812,J RIVERA,-31009,6.62
06/21/2026,STARBUCKS STORE 08812,J RIVERA,-31009,6.69
06/21/2026,INTEREST CHARGE ON PURCHASES,J RIVERA,-31009,54.35
06/22/2026,UBER EATS ORDER,J RIVERA,-31009,20.36
06/23/2026,PEETS COFFEE #117,J RIVERA,-31009,6.96
06/24/2026,OPENAI *CHATGPT SUBSCR,J RIVERA,-31009,20.00
06/24/2026,SQ *BLUE BOTTLE COFFEE,J RIVERA,-31009,4.87
06/24/2026,STARBUCKS STORE 08812,J RIVERA,-31009,6.73
06/25/2026,PEETS COFFEE #117,J RIVERA,-31009,7.47
06/25/2026,AUTOPAY PAYMENT - THANK YOU,J RIVERA,-31009,-2219.13
06/26/2026,UBER EATS ORDER,J RIVERA,-31009,25.22
06/26/2026,ETSY.COM - HANDMADE,J RIVERA,-31009,57.97
06/27/2026,TST* THE HOLLOW DINER,J RIVERA,-31009,60.44
06/27/2026,TST* THE HOLLOW DINER,J RIVERA,-31009,23.02
06/27/2026,WHOLE FOODS MKT 10234,J RIVERA,-31009,94.51
06/27/2026,ETSY.COM - HANDMADE,J RIVERA,-31009,110.48
06/27/2026,AMZN MKTP US*2K4LZ91,J RIVERA,-31009,112.05
06/28/2026,PEETS COFFEE #117,J RIVERA,-31009,7.28
06/28/2026,SAFEWAY #1781,J RIVERA,-31009,65.75
06/28/2026,ETSY.COM - HANDMADE,J RIVERA,-31009,35.84
06/29/2026,TST* THE HOLLOW DINER,J RIVERA,-31009,60.98
06/29/2026,STARBUCKS STORE 08812,J RIVERA,-31009,7.91
06/29/2026,AMZN MKTP US*2K4LZ91,J RIVERA,-31009,10.75
06/30/2026,DOORDASH*THAI GARDEN,J RIVERA,-31009,45.21
06/30/2026,STARBUCKS STORE 08812,J RIVERA,-31009,5.52
06/30/2026,SAFEWAY #1781,J RIVERA,-31009,95.23
06/30/2026,TARGET 00012345,J RIVERA,-31009,45.45
07/01/2026,SHELL OIL 57442,J RIVERA,-31009,60.71
07/01/2026,ETSY.COM - HANDMADE,J RIVERA,-31009,108.84
07/02/2026,DOORDASH*THAI GARDEN,J RIVERA,-31009,39.90
07/02/2026,PEETS COFFEE #117,J RIVERA,-31009,5.49
07/02/2026,SHELL OIL 57442,J RIVERA,-31009,57.14
07/03/2026,NETFLIX.COM,J RIVERA,-31009,17.99
07/03/2026,DOORDASH*THAI GARDEN,J RIVERA,-31009,15.81
07/04/2026,DOORDASH*THAI GARDEN,J RIVERA,-31009,44.08
07/04/2026,SQ *BLUE BOTTLE COFFEE,J RIVERA,-31009,7.02
07/04/2026,SHELL OIL 57442,J RIVERA,-31009,52.91
07/04/2026,TARGET 00012345,J RIVERA,-31009,25.19
07/05/2026,PELOTON INTERACTIVE MEMBERSHIP,J RIVERA,-31009,44.00
07/05/2026,CHIPOTLE 1123,J RIVERA,-31009,22.24
07/05/2026,WHOLE FOODS MKT 10234,J RIVERA,-31009,49.00
07/05/2026,STEAMGAMES.COM 4259522,J RIVERA,-31009,27.57
07/06/2026,SQ *BLUE BOTTLE COFFEE,J RIVERA,-31009,5.02
07/06/2026,AMC THEATRES 4410,J RIVERA,-31009,46.26
07/07/2026,SPOTIFY USA,J RIVERA,-31009,11.99
07/07/2026,CHIPOTLE 1123,J RIVERA,-31009,28.26
07/07/2026,UBER EATS ORDER,J RIVERA,-31009,44.72
07/07/2026,SQ *BLUE BOTTLE COFFEE,J RIVERA,-31009,5.25
07/08/2026,UBER EATS ORDER,J RIVERA,-31009,48.39
07/08/2026,UBER EATS ORDER,J RIVERA,-31009,23.51
07/08/2026,PEETS COFFEE #117,J RIVERA,-31009,5.79
07/08/2026,SQ *BLUE BOTTLE COFFEE,J RIVERA,-31009,4.73
07/08/2026,SAFEWAY #1781,J RIVERA,-31009,89.12
07/09/2026,SQ *BLUE BOTTLE COFFEE,J RIVERA,-31009,4.63
07/09/2026,PEETS COFFEE #117,J RIVERA,-31009,5.33
07/10/2026,CHIPOTLE 1123,J RIVERA,-31009,22.10
07/11/2026,APPLE.COM/BILL ICLOUD,J RIVERA,-31009,2.99
07/11/2026,DOORDASH*THAI GARDEN,J RIVERA,-31009,55.32
07/11/2026,UBER *TRIP HELP.UBER.COM,J RIVERA,-31009,16.42
07/11/2026,AMAZON.COM*RT5GH1,J RIVERA,-31009,61.92
07/11/2026,ETSY.COM - HANDMADE,J RIVERA,-31009,29.05
07/12/2026,SWEETGREEN MISSION,J RIVERA,-31009,35.53
07/12/2026,SWEETGREEN MISSION,J RIVERA,-31009,11.71
07/12/2026,AMAZON.COM*RT5GH1,J RIVERA,-31009,93.45
07/12/2026,UBER EATS ORDER,J RIVERA,-31009,46.18
07/12/2026,UBER EATS ORDER,J RIVERA,-31009,46.18
07/13/2026,SWEETGREEN MISSION,J RIVERA,-31009,15.87
07/13/2026,DOORDASH*THAI GARDEN,J RIVERA,-31009,49.36
07/13/2026,STARBUCKS STORE 08812,J RIVERA,-31009,5.17
07/14/2026,PLANET FITNESS CLUB FEES,J RIVERA,-31009,24.99
07/14/2026,PEETS COFFEE #117,J RIVERA,-31009,5.08
07/15/2026,DOORDASH*THAI GARDEN,J RIVERA,-31009,31.87
07/15/2026,SHAKE SHACK #221,J RIVERA,-31009,25.87
07/15/2026,DOORDASH*THAI GARDEN,J RIVERA,-31009,31.64
07/16/2026,SHAKE SHACK #221,J RIVERA,-31009,20.80
07/17/2026,NYTIMES DIGITAL,J RIVERA,-31009,25.00
07/17/2026,DOORDASH*THAI GARDEN,J RIVERA,-31009,18.41
07/17/2026,CHIPOTLE 1123,J RIVERA,-31009,19.93
07/17/2026,DOORDASH*THAI GARDEN,J RIVERA,-31009,22.07
07/17/2026,TST* THE HOLLOW DINER,J RIVERA,-31009,46.38
07/17/2026,SHAKE SHACK #221,J RIVERA,-31009,67.59
07/17/2026,COSTCO WHSE #0421,J RIVERA,-31009,36.35
07/17/2026,WALGREENS #3321,J RIVERA,-31009,28.18
07/18/2026,AMZN MKTP US*2K4LZ91,J RIVERA,-31009,50.47
07/19/2026,UBER EATS ORDER,J RIVERA,-31009,15.17
07/19/2026,UBER EATS ORDER,J RIVERA,-31009,28.67
07/19/2026,UBER EATS ORDER,J RIVERA,-31009,38.30
07/19/2026,DOORDASH*THAI GARDEN,J RIVERA,-31009,52.44
07/19/2026,SQ *BLUE BOTTLE COFFEE,J RIVERA,-31009,7.28
07/19/2026,UBER *TRIP HELP.UBER.COM,J RIVERA,-31009,20.16
07/19/2026,AMZN MKTP US*2K4LZ91,J RIVERA,-31009,23.42
07/19/2026,AMAZON.COM*RT5GH1,J RIVERA,-31009,55.69
07/20/2026,ADOBE *CREATIVE CLOUD,J RIVERA,-31009,59.99
07/21/2026,PEETS COFFEE #117,J RIVERA,-31009,5.80
07/21/2026,STARBUCKS STORE 08812,J RIVERA,-31009,4.69
07/21/2026,SAFEWAY #1781,J RIVERA,-31009,98.93
07/21/2026,INTEREST CHARGE ON PURCHASES,J RIVERA,-31009,60.20
07/22/2026,SQ *BLUE BOTTLE COFFEE,J RIVERA,-31009,5.16
07/22/2026,GREAT CLIPS BARBER,J RIVERA,-31009,28.00
07/23/2026,PEETS COFFEE #117,J RIVERA,-31009,5.50
07/23/2026,SHELL OIL 57442,J RIVERA,-31009,52.11
07/23/2026,TICKETMASTER,J RIVERA,-31009,47.14
07/23/2026,WALGREENS #3321,J RIVERA,-31009,34.77
07/24/2026,OPENAI *CHATGPT SUBSCR,J RIVERA,-31009,20.00
07/24/2026,STARBUCKS STORE 08812,J RIVERA,-31009,4.95
07/24/2026,PEETS COFFEE #117,J RIVERA,-31009,6.60
07/24/2026,TARGET 00012345,J RIVERA,-31009,54.36
07/25/2026,UBER EATS ORDER,J RIVERA,-31009,24.08
07/25/2026,SWEETGREEN MISSION,J RIVERA,-31009,22.44
07/25/2026,DOORDASH*THAI GARDEN,J RIVERA,-31009,46.87
07/25/2026,AMAZON.COM*RT5GH1,J RIVERA,-31009,62.24
07/25/2026,AUTOPAY PAYMENT - THANK YOU,J RIVERA,-31009,-2667.99
07/26/2026,HULU 877-8244858,J RIVERA,-31009,9.99
07/26/2026,SQ *NOODLE BAR,J RIVERA,-31009,33.80
07/26/2026,DOORDASH*THAI GARDEN,J RIVERA,-31009,21.84
07/26/2026,AMZN MKTP US*2K4LZ91,J RIVERA,-31009,110.88
07/27/2026,CHIPOTLE 1123,J RIVERA,-31009,44.67
07/27/2026,SQ *BLUE BOTTLE COFFEE,J RIVERA,-31009,4.56
07/27/2026,AMZN MKTP US*2K4LZ91,J RIVERA,-31009,51.29
07/28/2026,TST* THE HOLLOW DINER,J RIVERA,-31009,22.93
07/28/2026,PEETS COFFEE #117,J RIVERA,-31009,6.97
07/28/2026,TARGET 00012345,J RIVERA,-31009,18.11
07/28/2026,AMAZON.COM*RT5GH1,J RIVERA,-31009,38.46
07/29/2026,SQ *BLUE BOTTLE COFFEE,J RIVERA,-31009,6.77
07/29/2026,AMC THEATRES 4410,J RIVERA,-31009,35.24
07/30/2026,AMAZON.COM*RT5GH1,J RIVERA,-31009,22.72
07/31/2026,SWEETGREEN MISSION,J RIVERA,-31009,29.53
07/31/2026,SWEETGREEN MISSION,J RIVERA,-31009,28.57
07/31/2026,AMAZON.COM*RT5GH1,J RIVERA,-31009,32.36
08/01/2026,DOORDASH*THAI GARDEN,J RIVERA,-31009,45.82
08/01/2026,TST* THE HOLLOW DINER,J RIVERA,-31009,50.21
08/01/2026,STARBUCKS STORE 08812,J RIVERA,-31009,7.52
08/01/2026,STARBUCKS STORE 08812,J RIVERA,-31009,7.37
08/01/2026,PEETS COFFEE #117,J RIVERA,-31009,6.59
08/01/2026,TRADER JOE'S #552,J RIVERA,-31009,51.95
08/01/2026,UBER *TRIP HELP.UBER.COM,J RIVERA,-31009,32.93
08/02/2026,DISNEY PLUS,J RIVERA,-31009,15.99
08/02/2026,SQ *NOODLE BAR,J RIVERA,-31009,18.85
08/02/2026,PEETS COFFEE #117,J RIVERA,-31009,4.69
08/02/2026,TRADER JOE'S #552,J RIVERA,-31009,65.95
08/03/2026,NETFLIX.COM,J RIVERA,-31009,17.99
08/03/2026,PEETS COFFEE #117,J RIVERA,-31009,6.21
08/03/2026,SAFEWAY #1781,J RIVERA,-31009,73.78
08/04/2026,STARBUCKS STORE 08812,J RIVERA,-31009,7.15
08/04/2026,COSTCO WHSE #0421,J RIVERA,-31009,69.10
08/05/2026,PELOTON INTERACTIVE MEMBERSHIP,J RIVERA,-31009,44.00
08/06/2026,PEETS COFFEE #117,J RIVERA,-31009,7.66
08/07/2026,SPOTIFY USA,J RIVERA,-31009,11.99
08/07/2026,PEETS COFFEE #117,J RIVERA,-31009,6.67
08/08/2026,SHAKE SHACK #221,J RIVERA,-31009,45.01
08/08/2026,SHAKE SHACK #221,J RIVERA,-31009,25.63
08/08/2026,STARBUCKS STORE 08812,J RIVERA,-31009,4.63
08/08/2026,TRADER JOE'S #552,J RIVERA,-31009,94.47
08/09/2026,SHAKE SHACK #221,J RIVERA,-31009,19.57
08/09/2026,STARBUCKS STORE 08812,J RIVERA,-31009,7.46
08/09/2026,SAFEWAY #1781,J RIVERA,-31009,45.72
08/09/2026,SHELL OIL 57442,J RIVERA,-31009,61.97
08/10/2026,SQ *BLUE BOTTLE COFFEE,J RIVERA,-31009,7.73
08/10/2026,SAFEWAY #1781,J RIVERA,-31009,28.65
08/11/2026,APPLE.COM/BILL ICLOUD,J RIVERA,-31009,2.99
08/12/2026,SWEETGREEN MISSION,J RIVERA,-31009,32.39
08/12/2026,SHAKE SHACK #221,J RIVERA,-31009,29.28
08/12/2026,TST* THE HOLLOW DINER,J RIVERA,-31009,49.54
08/12/2026,SAFEWAY #1781,J RIVERA,-31009,95.94
08/12/2026,TARGET 00012345,J RIVERA,-31009,38.13
08/14/2026,PLANET FITNESS CLUB FEES,J RIVERA,-31009,24.99
08/14/2026,TST* THE HOLLOW DINER,J RIVERA,-31009,29.70
08/14/2026,STARBUCKS STORE 08812,J RIVERA,-31009,7.62
08/15/2026,DOORDASH*THAI GARDEN,J RIVERA,-31009,34.48
08/15/2026,CHIPOTLE 1123,J RIVERA,-31009,16.92
08/15/2026,SQ *NOODLE BAR,J RIVERA,-31009,39.66
08/15/2026,UBER EATS ORDER,J RIVERA,-31009,48.14
08/15/2026,SWEETGREEN MISSION,J RIVERA,-31009,43.36
08/15/2026,TRADER JOE'S #552,J RIVERA,-31009,162.56
08/15/2026,STEAMGAMES.COM 4259522,J RIVERA,-31009,69.40
08/16/2026,DOORDASH*THAI GARDEN,J RIVERA,-31009,15.41
08/16/2026,SQ *NOODLE BAR,J RIVERA,-31009,18.23
08/16/2026,SWEETGREEN MISSION,J RIVERA,-31009,30.14
08/16/2026,WHOLE FOODS MKT 10234,J RIVERA,-31009,96.36
08/16/2026,AMZN MKTP US*2K4LZ91,J RIVERA,-31009,261.66
08/16/2026,TARGET 00012345,J RIVERA,-31009,20.40
08/17/2026,NYTIMES DIGITAL,J RIVERA,-31009,25.00
08/17/2026,SQ *BLUE BOTTLE COFFEE,J RIVERA,-31009,7.46
08/17/2026,UBER *TRIP HELP.UBER.COM,J RIVERA,-31009,22.94
08/18/2026,PEETS COFFEE #117,J RIVERA,-31009,4.54
08/18/2026,STARBUCKS STORE 08812,J RIVERA,-31009,7.84
08/18/2026,PEETS COFFEE #117,J RIVERA,-31009,4.86
08/19/2026,DOORDASH*THAI GARDEN,J RIVERA,-31009,49.05
08/19/2026,AMAZON.COM*RT5GH1,J RIVERA,-31009,61.15
08/20/2026,ADOBE *CREATIVE CLOUD,J RIVERA,-31009,59.99
08/20/2026,PEETS COFFEE #117,J RIVERA,-31009,5.79
08/20/2026,SQ *BLUE BOTTLE COFFEE,J RIVERA,-31009,7.19
08/20/2026,UBER *TRIP HELP.UBER.COM,J RIVERA,-31009,19.10
08/21/2026,TST* THE HOLLOW DINER,J RIVERA,-31009,30.81
08/21/2026,STARBUCKS STORE 08812,J RIVERA,-31009,4.57
08/21/2026,SQ *BLUE BOTTLE COFFEE,J RIVERA,-31009,6.02
08/21/2026,AMC THEATRES 4410,J RIVERA,-31009,86.94
08/21/2026,INTEREST CHARGE ON PURCHASES,J RIVERA,-31009,64.71
08/21/2026,BEST BUY 00011865,J RIVERA,-31009,349.99
08/22/2026,STARBUCKS STORE 08812,J RIVERA,-31009,6.78
08/22/2026,PEETS COFFEE #117,J RIVERA,-31009,7.57
08/22/2026,TRADER JOE'S #552,J RIVERA,-31009,58.71
08/22/2026,TARGET 00012345,J RIVERA,-31009,23.47
08/22/2026,BEST BUY 00011865,J RIVERA,-31009,349.99
08/23/2026,SQ *NOODLE BAR,J RIVERA,-31009,25.95
08/23/2026,UBER *TRIP HELP.UBER.COM,J RIVERA,-31009,14.56
08/24/2026,OPENAI *CHATGPT SUBSCR,J RIVERA,-31009,20.00
08/24/2026,WHOLE FOODS MKT 10234,J RIVERA,-31009,42.18
08/24/2026,AMZN MKTP US*2K4LZ91,J RIVERA,-31009,39.09
08/24/2026,IKEA EAST PALO ALTO,J RIVERA,-31009,684.10
08/24/2026,WAYFAIR*FURNITURE,J RIVERA,-31009,412.75
08/25/2026,STARBUCKS STORE 08812,J RIVERA,-31009,4.52
08/25/2026,WHOLE FOODS MKT 10234,J RIVERA,-31009,105.76
08/25/2026,TARGET 00012345,J RIVERA,-31009,60.82
08/25/2026,AUTOPAY PAYMENT - THANK YOU,J RIVERA,-31009,-2665.34
08/26/2026,HULU 877-8244858,J RIVERA,-31009,9.99
08/26/2026,SWEETGREEN MISSION,J RIVERA,-31009,57.41
08/26/2026,SQ *BLUE BOTTLE COFFEE,J RIVERA,-31009,5.77
08/27/2026,SQ *NOODLE BAR,J RIVERA,-31009,28.49
08/27/2026,WALGREENS #3321,J RIVERA,-31009,16.21
08/28/2026,UBER *TRIP HELP.UBER.COM,J RIVERA,-31009,31.85
08/29/2026,WHOLE FOODS MKT 10234,J RIVERA,-31009,58.83
08/29/2026,TARGET 00012345,J RIVERA,-31009,54.44
08/30/2026,UBER EATS ORDER,J RIVERA,-31009,26.84
08/30/2026,SQ *BLUE BOTTLE COFFEE,J RIVERA,-31009,7.65
08/30/2026,PEETS COFFEE #117,J RIVERA,-31009,6.20
08/30/2026,SHELL OIL 57442,J RIVERA,-31009,55.27
08/30/2026,AMAZON.COM*RT5GH1,J RIVERA,-31009,23.69
08/31/2026,UBER EATS ORDER,J RIVERA,-31009,24.48
08/31/2026,DOORDASH*THAI GARDEN,J RIVERA,-31009,24.21
09/01/2026,STARBUCKS STORE 08812,J RIVERA,-31009,6.04
09/01/2026,SAFEWAY #1781,J RIVERA,-31009,78.70
09/02/2026,DISNEY PLUS,J RIVERA,-31009,15.99
09/02/2026,DOORDASH*THAI GARDEN,J RIVERA,-31009,28.15
09/02/2026,SAFEWAY #1781,J RIVERA,-31009,61.65
09/02/2026,UBER *TRIP HELP.UBER.COM,J RIVERA,-31009,18.55
09/02/2026,AMZN MKTP US*2K4LZ91,J RIVERA,-31009,9.22
09/03/2026,NETFLIX.COM,J RIVERA,-31009,17.99
09/03/2026,SWEETGREEN MISSION,J RIVERA,-31009,48.18
09/03/2026,SQ *BLUE BOTTLE COFFEE,J RIVERA,-31009,5.58
09/04/2026,SQ *BLUE BOTTLE COFFEE,J RIVERA,-31009,6.55
09/05/2026,PELOTON INTERACTIVE MEMBERSHIP,J RIVERA,-31009,44.00
09/05/2026,SHAKE SHACK #221,J RIVERA,-31009,39.35
09/05/2026,UBER EATS ORDER,J RIVERA,-31009,28.94
09/05/2026,PEETS COFFEE #117,J RIVERA,-31009,4.93
09/05/2026,SAFEWAY #1781,J RIVERA,-31009,70.04
09/06/2026,UBER *TRIP HELP.UBER.COM,J RIVERA,-31009,16.08
09/07/2026,SPOTIFY USA,J RIVERA,-31009,11.99
09/07/2026,CHIPOTLE 1123,J RIVERA,-31009,29.24
09/07/2026,PEETS COFFEE #117,J RIVERA,-31009,4.39
09/07/2026,PEETS COFFEE #117,J RIVERA,-31009,5.90
09/07/2026,WALGREENS #3321,J RIVERA,-31009,25.32
09/08/2026,WHOLE FOODS MKT 10234,J RIVERA,-31009,45.31
09/09/2026,DOORDASH*THAI GARDEN,J RIVERA,-31009,63.28
09/09/2026,STARBUCKS STORE 08812,J RIVERA,-31009,7.33
09/09/2026,AMAZON.COM*RT5GH1,J RIVERA,-31009,42.12
09/10/2026,SQ *BLUE BOTTLE COFFEE,J RIVERA,-31009,6.75
09/11/2026,APPLE.COM/BILL ICLOUD,J RIVERA,-31009,2.99
09/11/2026,PEETS COFFEE #117,J RIVERA,-31009,6.90
09/12/2026,SQ *NOODLE BAR,J RIVERA,-31009,48.28
09/12/2026,STARBUCKS STORE 08812,J RIVERA,-31009,6.72
09/12/2026,UBER *TRIP HELP.UBER.COM,J RIVERA,-31009,22.97
09/12/2026,AMAZON.COM*RT5GH1,J RIVERA,-31009,137.86
09/12/2026,STEAMGAMES.COM 4259522,J RIVERA,-31009,89.63
09/13/2026,DOORDASH*THAI GARDEN,J RIVERA,-31009,39.06
09/14/2026,PLANET FITNESS CLUB FEES,J RIVERA,-31009,24.99
09/14/2026,SQ *NOODLE BAR,J RIVERA,-31009,25.42
09/14/2026,WHOLE FOODS MKT 10234,J RIVERA,-31009,26.03
09/15/2026,SQ *NOODLE BAR,J RIVERA,-31009,43.46
09/15/2026,PEETS COFFEE #117,J RIVERA,-31009,6.38
09/15/2026,UBER *TRIP HELP.UBER.COM,J RIVERA,-31009,24.87
09/16/2026,SHAKE SHACK #221,J RIVERA,-31009,15.26
09/16/2026,STARBUCKS STORE 08812,J RIVERA,-31009,6.56
09/16/2026,TRADER JOE'S #552,J RIVERA,-31009,25.71
09/17/2026,NYTIMES DIGITAL,J RIVERA,-31009,25.00
09/17/2026,SHAKE SHACK #221,J RIVERA,-31009,24.07
09/17/2026,SQ *NOODLE BAR,J RIVERA,-31009,27.09
09/17/2026,DOORDASH*THAI GARDEN,J RIVERA,-31009,33.05
09/17/2026,UBER EATS ORDER,J RIVERA,-31009,25.00
09/18/2026,SQ *BLUE BOTTLE COFFEE,J RIVERA,-31009,7.81
09/18/2026,SAFEWAY #1781,J RIVERA,-31009,73.94
